API_CID,Excipient_CID,Outcome1,API_Smiles,Excipient_Smiles
5311083,6506,0,CC1=CN=C(C(=C1OC)C)CS(=O)C2=NC3=C([N-]2)C=CC(=C3)OC.CC1=CN=C(C(=C1OC)C)CS(=O)C2=NC3=C([N-]2)C=CC(=C3)OC.[Mg+2],CCOC(=O)CC(CC(=O)OCC)(C(=O)OCC)O
154256,22895896,0,CC1=C(N(C2=C1C=C(C=C2)O)CC3=CC=C(C=C3)OCCN4CCCCCC4)C5=CC=C(C=C5)O.CC(=O)O,CCCOC(C)COCCO
9433,270885,0,CN1C2=C(C(=O)N(C1=O)C)NC=N2.CN1C2=C(C(=O)N(C1=O)C)NC=N2.C(CN)N,CC(=O)OC=C.C=CN1CCCC1=O
14720269,26924,0,CC1=C(C=CN=C1CS(=O)C2=NC3=CC=CC=C3[N-]2)OCCCOC.[Na+],O[Si](=O)[O-].O[Si](=O)[O-].[O-][Si](=O)[O-].[O-][Si](=O)[O-].[Mg+2].[Mg+2].[Mg+2]
4421,11177,1,CCN1C=C(C(=O)C2=C1N=C(C=C2)C)C(=O)O,CCCCCCCCCCCCCCCCCC(=O)[O-].CCCCCCCCCCCCCCCCCC(=O)[O-].[Mg+2]
72722243,11177,0,CC(C)(C)C1=CC(=C(C=C1NC(=O)C2=CNC3=CC=CC=C3C2=O)O)C(C)(C)C.CC(C)(CO)C1=CC2=CC(=C(C=C2N1CC(CO)O)F)NC(=O)C3(CC3)C4=CC5=C(C=C4)OC(O5)(F)F,CCCCCCCCCCCCCCCCCC(=O)[O-].CCCCCCCCCCCCCCCCCC(=O)[O-].[Mg+2]
3007,104938,1,CC(CC1=CC=CC=C1)N,C(C1C(C(C(C(O1)OC2C(OC(C(C2O)O)O)CO)O)O)O)O.O
25517,14797,1,[NH4+].[Cl-],[OH-].[K+]
118023034,263,0,CC(C1=CC=C(C=C1)F)(C2=CN=C(N=C2)N3CCN(CC3)C4=NC=NN5C4=CC(=C5)C6=CN(N=C6)C)N,CCCCO
71616,26924,0,CC(C1=NC=NC=C1F)C(CN2C=NC=N2)(C3=C(C=C(C=C3)F)F)O,O[Si](=O)[O-].O[Si](=O)[O-].[O-][Si](=O)[O-].[O-][Si](=O)[O-].[Mg+2].[Mg+2].[Mg+2]
58557659,14055602,0,CCC1CN(CC1C2=CN=C3N2C4=C(NC=C4)N=C3)C(=O)NCC(F)(F)F,COC1C(OC(C(C1O)O)OC2C(OC(C(C2O)O)OC)CO)CO
31239,24823,1,CCCCCCCCCCCCCCCC[N+]1=CC=CC=C1.[Cl-],[O-][O+]=O
2130,270885,0,C1C2CC3CC1CC(C2)(C3)N,CC(=O)OC=C.C=CN1CCCC1=O
5486971,86278134,0,CC(C)CC(CC(=O)O)CN,C(C1C(C(C(C(O1)OC2C(OC(C(C2O)O)OCC3C(C(C(C(O3)OC4C(OC(C(C4O)O)OC5C(OC(C(C5O)O)O)CO)CO)O)O)OC6C(C(C(C(O6)CO)OC7C(C(C(C(O7)CO)O)O)O)O)O)CO)O)O)O)O
14986,105075,1,CC1=C(C=C2CCC(OC2=C1C)(C)CCCC(C)CCCC(C)CCCC(C)C)O,OS(=O)(=O)O.[Fe]
9552079,10608,1,C1=CC(=CC=C1NC(=NC(=NCCCCCCN=C(N)N=C(N)NC2=CC=C(C=C2)Cl)N)N)Cl,C1=CC=C(C(=C1)C2=C3C=CC(=O)C=C3OC4=C2C=CC(=C4)[O-])C(=O)[O-].[Na+].[Na+]
5280443,11029,1,C1=CC(=CC=C1C2=CC(=O)C3=C(C=C(C=C3O2)O)O)O,C(=O)([O-])[O-].[Mg+2]
51039094,270885,0,CC1=C(C=CC(=C1)NC2=NC=NC3=C2C=C(C=C3)NC4=NC(CO4)(C)C)OC5=CC6=NC=NN6C=C5,CC(=O)OC=C.C=CN1CCCC1=O
67171867,6328154,0,CC(CN1C=CC(=N1)C2=CC(=C(C=C2)C#N)Cl)NC(=O)C3=NNC(=C3)C(C)O,CC(=O)O.C(C(C(C(C(C=O)O)O)O)O)O.[Na]
130564,5988,0,CC1=CN=C(C(=C1OC)C)CS(=O)C2=NC3=C([N-]2)C=CC(=C3)OC.CC1=CN=C(C(=C1OC)C)CS(=O)C2=NC3=C([N-]2)C=CC(=C3)OC.[Mg+2],C(C1C(C(C(C(O1)OC2(C(C(C(O2)CO)O)O)CO)O)O)O)O
3715,11177,1,CC1=C(C2=C(N1C(=O)C3=CC=C(C=C3)Cl)C=CC(=C2)OC)CC(=O)O,CCCCCCCCCCCCCCCCCC(=O)[O-].CCCCCCCCCCCCCCCCCC(=O)[O-].[Mg+2]
3559,131751496,1,C1CN(CCC1(C2=CC=C(C=C2)Cl)O)CCCC(=O)C3=CC=C(C=C3)F,C1CC(=O)N(C1)C(CP)P
2244,104805,1,CC(=O)OC1=CC=CC=C1C(=O)O,O.O.OP(=O)([O-])[O-].[Ca+2]
10112,1118,1,C(=O)([O-])[O-].[Ca+2],OS(=O)(=O)O
2249,6932,1,CC(C)NCC(COC1=CC=C(C=C1)CC(=O)N)O,CC(C)(C)C1=C(C=CC(=C1)O)OC
4075,311,1,C1=CC(=C(C=C1N)C(=O)O)O,C(C(=O)O)C(CC(=O)O)(C(=O)O)O
189729,21862903,1,C1CC(N(C1)C(=O)C(CCCCN)OP(=O)(CCCCC2=CC=CC=C2)O)C(=O)O,O.O.[O-]P(=O)([O-])[O-].[Ca+2].[Ca+2]
71360,104938,0,CC(=O)C1=CC(=C(C=C1)OCCCN2CCC(CC2)C3=NOC4=C3C=CC(=C4)F)OC,C(C1C(C(C(C(O1)OC2C(OC(C(C2O)O)O)CO)O)O)O)O.O
243,14798,1,C1=CC=C(C=C1)C(=O)O,[OH-].[Na+]
115366,174,0,COC(=O)C(C1=CC=CC=C1Cl)N2CCC3=C(C2)C=CS3.OS(=O)(=O)O,C(CO)O
14986,23978,1,CC1=C(C=C2CCC(OC2=C1C)(C)CCCC(C)CCCC(C)CCCC(C)C)O,[Cu]
2450,656671,1,C(C(CO)([N+](=O)[O-])Br)O,[O-]S(=O)S(=O)(=O)[O-].[Na+].[Na+]
11672491,11177,0,CC(C)COC1=CC=C(C=C1)CNC(=O)N(CC2=CC=C(C=C2)F)C3CCN(CC3)C.CC(C)COC1=CC=C(C=C1)CNC(=O)N(CC2=CC=C(C=C2)F)C3CCN(CC3)C.C(C(C(=O)O)O)(C(=O)O)O,CCCCCCCCCCCCCCCCCC(=O)[O-].CCCCCCCCCCCCCCCCCC(=O)[O-].[Mg+2]
6249,24497,1,CC1(C(N2C(S1)C(C2=O)NC(=O)C(C3=CC=CC=C3)N)C(=O)O)C,[O-]S(=O)(=O)[O-].[Ca+2]
68704,11177,1,CC(C)CC1=CC=C(C=C1)C(C)C(=O)NO,CCCCCCCCCCCCCCCCCC(=O)[O-].CCCCCCCCCCCCCCCCCC(=O)[O-].[Mg+2]
71494926,121950,0,CC1=C(N=C(C=C1)NC(=O)C2(CC2)C3=CC4=C(C=C3)OC(O4)(F)F)C5=CC(=CC=C5)C(=O)O.CC(C)(C)C1=CC(=C(C=C1NC(=O)C2=CNC3=CC=CC=C3C2=O)O)C(C)(C)C,CC(CO)O.CC(=O)O.CO.C(CC(=O)O)C(=O)O
10176082,19660,1,[OH-].[OH-].[OH-].[Al+3],C(=O)([O-])[O-]
3749,712,1,CCCCC1=NC2(CCCC2)C(=O)N1CC3=CC=C(C=C3)C4=CC=CC=C4C5=NNN=N5,C=O
46892186,174,0,CC1=NN(C=N1)C2=NC=C(C3=C2N(C=C3C(=O)C(=O)N4CCN(CC4)C(=O)C5=CC=CC=C5)COP(=O)(O)O)OC.C(C(CO)(CO)N)O,C(CO)O
9578005,26924,0,CC1=C(C=CN=C1CS(=O)C2=NC3=CC=CC=C3N2)OCC(F)(F)F,O[Si](=O)[O-].O[Si](=O)[O-].[O-][Si](=O)[O-].[O-][Si](=O)[O-].[Mg+2].[Mg+2].[Mg+2]
8753,5359268,1,CCCCCCCCCCCC[N+](C)(C)CC1=CC=CC=C1.[Cl-],[Al]
25517,6426889,1,[NH4+].[Cl-],[O-]Cl(=O)=O.[K+]
27661,139600838,1,C1C(C2C(O1)C(CO2)O[N+](=O)[O-])O,CC(=O)OCC1C(C(C(C(O1)O)OC(=O)C)O)O
5288227,6134,1,C(=CC(=O)[O-])C(=O)[O-],C(C1C(C(C(C(O1)OC2C(OC(C(C2O)O)O)CO)O)O)O)O
84724,8753,1,C1(=NN=C(S1)S(=O)(=O)N)N,CCCCCCCCCCCC[N+](C)(C)CC1=CC=CC=C1.[Cl-]
2345,14798,1,C1=CC=C(C=C1)COC(=O)C2=CC=CC=C2,[OH-].[Na+]
2727,3423265,1,CCCNC(=O)NS(=O)(=O)C1=CC=C(C=C1)Cl,CCCCCCCCCCCCOS(=O)(=O)[O-].[Na+]
6249,104805,1,CC1(C(N2C(S1)C(C2=O)NC(=O)C(C3=CC=CC=C3)N)C(=O)O)C,O.O.OP(=O)([O-])[O-].[Ca+2]
8753,14806,1,CCCCCCCCCCCC[N+](C)(C)CC1=CC=CC=C1.[Cl-],O=[Zn]
4680,1732,1,COC1=C(C=C(C=C1)CC2=NC=CC3=CC(=C(C=C32)OC)OC)OC,CC1=C(C=CC(=C1)O)Cl
2727,11177,1,CCCNC(=O)NS(=O)(=O)C1=CC=C(C=C1)Cl,CCCCCCCCCCCCCCCCCC(=O)[O-].CCCCCCCCCCCCCCCCCC(=O)[O-].[Mg+2]
5833,517055,1,CC(=O)SC1CC2=CC(=O)CCC2(C3C1C4CCC5(C4(CC3)C)CCC(=O)O5)C,C1=CC=C(C=C1)C(=O)[O-].[Na+]
11250029,56841934,0,CC1=CC(=CC(=C1CC(C(=O)N(CC2=CC(=C(C=C2)OC)C(=O)O)C(C)C3=NC=C(N3)C4=CC=CC=C4)N)C)C(=O)N,O.O.O.[Fe].[Fe]
10130337,11177,0,C1=CC=C(C=C1)CC(COC(=O)N)N,CCCCCCCCCCCCCCCCCC(=O)[O-].CCCCCCCCCCCCCCCCCC(=O)[O-].[Mg+2]
59768,637511,1,CC(C)NCC(COC1=CC=C(C=C1)CCC(=O)OC)O,C1=CC=C(C=C1)C=CC=O
5312125,11177,0,CC(CC1=CC2=C(C(=C1)C(=O)N)N(CC2)CCCO)NCCOC3=CC=CC=C3OCC(F)(F)F,CCCCCCCCCCCCCCCCCC(=O)[O-].CCCCCCCCCCCCCCCCCC(=O)[O-].[Mg+2]
5391,518696,0,CN1C2=C(C=C(C=C2)Cl)C(=NC(C1=O)O)C3=CC=CC=C3,O=[Fe]O[Fe]=O
5977,5311266,1,CC(C)(C(Cl)(Cl)Cl)O,[O-][Si](=O)O[Si]([O-])([O-])O[Si](=O)[O-].[Mg+2].[Mg+2]
1103,751,1,C(CCNCCCN)CNCCCN,C(C(C=O)O)O
9552079,12449,1,C1=CC(=CC=C1NC(=NC(=NCCCCCCN=C(N)N=C(N)NC2=CC=C(C=C2)Cl)N)N)Cl,CCN(CC)C1=CC=C(C=C1)C(=C2C=CC(=[N+](CC)CC)C=C2)C3=CC=CC=C3.OS(=O)(=O)[O-]
3715,24497,1,CC1=C(C2=C(N1C(=O)C3=CC=C(C=C3)Cl)C=CC(=C2)OC)CC(=O)O,[O-]S(=O)(=O)[O-].[Ca+2]
150311,104938,0,C1=CC(=CC=C1C2C(C(=O)N2C3=CC=C(C=C3)F)CCC(C4=CC=C(C=C4)F)O)O,C(C1C(C(C(C(O1)OC2C(OC(C(C2O)O)O)CO)O)O)O)O.O
6249,56841936,1,CC1(C(N2C(S1)C(C2=O)NC(=O)C(C3=CC=CC=C3)N)C(=O)O)C,O.O.O=[Al]O[Si](=O)O[Si](=O)O[Al]=O
216237,104938,0,CC1=CC=CC=C1C(=O)NC2=CC(=C(C=C2)C(=O)N3CCCC(C4=C3C=CC(=C4)Cl)O)C,C(C1C(C(C(C(O1)OC2C(OC(C(C2O)O)O)CO)O)O)O)O.O
9865528,11177,0,C1=CC=C(C=C1)C(CNCCC2=CC=C(C=C2)NC(=O)CC3=CSC(=N3)N)O,CCCCCCCCCCCCCCCCCC(=O)[O-].CCCCCCCCCCCCCCCCCC(=O)[O-].[Mg+2]
41693,24441,0,CCC(=O)N(C1=CC=CC=C1)C2(CCN(CC2)CCC3=CC=CS3)COC,OP(=O)([O-])[O-].[Ca+2]
46866715,104938,0,CC1=C(C=CC2=C1N=C(C=C2OC3CC4C(C3)C(=O)N(CCCCC=CC5CC5(NC4=O)C(=O)[N-]S(=O)(=O)C6CC6)C)C7=NC(=CS7)C(C)C)OC.[Na+],C(C1C(C(C(C(O1)OC2C(OC(C(C2O)O)O)CO)O)O)O)O.O
55891,11177,1,CCC(=O)OC(C(C)C)OP(=O)(CCCCC1=CC=CC=C1)CC(=O)N2CC(CC2C(=O)O)C3CCCCC3,CCCCCCCCCCCCCCCCCC(=O)[O-].CCCCCCCCCCCCCCCCCC(=O)[O-].[Mg+2]
135398739,11177,0,C1CC(OC1CO)N2C=NC3=C2N=CNC3=O,CCCCCCCCCCCCCCCCCC(=O)[O-].CCCCCCCCCCCCCCCCCC(=O)[O-].[Mg+2]
753,6426889,1,C(C(CO)O)O,[O-]Cl(=O)=O.[K+]
2249,51063134,1,CC(C)NCC(COC1=CC=C(C=C1)CC(=O)N)O,COCC1C(C(C(C(O1)OC2C(OC(C(C2OC)OC)OC)COC)OC)OC)OC
91270,11177,1,CCOC(=O)C(CCC1=CC=CC=C1)NC(C)C(=O)N2CC3=CC(=C(C=C3CC2C(=O)O)OC)OC,CCCCCCCCCCCCCCCCCC(=O)[O-].CCCCCCCCCCCCCCCCCC(=O)[O-].[Mg+2]
14985,27099,1,CC1=C(C2=C(CCC(O2)(C)CCCC(C)CCCC(C)CCCC(C)C)C(=C1O)C)C,[Cu+2]
6850754,14797,1,COC1C(C(C(OC1C(=O)O)OC2C(C(C(OC2C(=O)O)OC)O)O)O)O,[OH-].[K+]
4927,6251,1,CC(CN1C2=CC=CC=C2SC3=CC=CC=C31)N(C)C,C(C(C(C(C(CO)O)O)O)O)O
62937,23320441,0,CC(C)NCC(COC1=CC=C(C=C1)CCOC)O.CC(C)NCC(COC1=CC=C(C=C1)CCOC)O.C(CC(=O)O)C(=O)O,O.[OH-].[O-2].[Fe+3]
8753,943,1,CCCCCCCCCCCC[N+](C)(C)CC1=CC=CC=C1.[Cl-],[N+](=O)([O-])[O-]
6850754,516875,1,COC1C(C(C(OC1C(=O)O)OC2C(C(C(OC2C(=O)O)OC)O)O)O)O,[O-][Mn](=O)(=O)=O.[K+]
11597697,445709,0,CC(CC1=CC=CC=C1)NC(=O)C(CCCCN)N.CS(=O)(=O)O.CS(=O)(=O)O,O.O.O.[Fe]
18283,8314,0,CC1=CN(C(=O)NC1=O)C2C=CC(O2)CO,CCC(C)C(=O)O
12560,6251,1,CCC1C(C(C(C(=O)C(CC(C(C(C(C(C(=O)O1)C)OC2CC(C(C(O2)C)O)(C)OC)C)OC3C(C(CC(O3)C)N(C)C)O)(C)O)C)C)O)(C)O,C(C(C(C(C(CO)O)O)O)O)O
60877,14055602,0,C1C(OC(S1)CO)N2C=C(C(=NC2=O)N)F,COC1C(OC(C(C1O)O)OC2C(OC(C(C2O)O)OC)CO)CO
78131177,5541,0,CN1CC(C2=C(C1)C(=CC(=C2)Cl)Cl)C3=CC(=CC=C3)S(=O)(=O)NCCOCCOCCNC(=O)NCCCCNC(=O)NCCOCCOCCNS(=O)(=O)C4=CC=CC(=C4)C5CN(CC6=C5C=C(C=C6Cl)Cl)C.Cl.Cl,CC(=O)OCC(COC(=O)C)OC(=O)C
445643,5287971,0,CC1CC(C2C(CC(C(O2)(C(=O)C(=O)N3CCCCC3C(=O)OC(C(C(CC(=O)C(C=C(C1)C)CC=C)O)C)C(=CC4CCC(C(C4)OC)O)C)O)C)OC)OC,CCCCCCCCCCCCCCCC(=O)OCC(COP(=O)([O-])OCC[N+](C)(C)C)OC(=O)CCCCCCCC=CCC=CCCCCC
159269,11177,0,CC1=CN(C(=O)NC1=O)C2CC(C(O2)CO)O,CCCCCCCCCCCCCCCCCC(=O)[O-].CCCCCCCCCCCCCCCCCC(=O)[O-].[Mg+2]
50905713,24261,0,CC(C1=CC2=C(C(=CC=C2)Cl)C(=O)N1C3=CC=CC=C3)NC4=NC=NC5=C4NC=N5,O=[Si]=O
16203739,14055602,0,CC(C1=CC(=CC(=C1)C(F)(F)F)C(F)(F)F)OCC2(CCC3(CCC(=O)N3)CN2)C4=CC=CC=C4.O.Cl,COC1C(OC(C(C1O)O)OC2C(OC(C(C2O)O)OC)CO)CO
3957,134601,0,CCOC(=O)N1CCC(=C2C3=C(CCC4=C2N=CC=C4)C=C(C=C3)Cl)CC1,COC(=O)C(CC1=CC=CC=C1)NC(=O)C(CC(=O)O)N
6196,11177,1,CC1=C(C(=NO1)C2=CC=CC=C2)C(=O)NC3C4N(C3=O)C(C(S4)(C)C)C(=O)O,CCCCCCCCCCCCCCCCCC(=O)[O-].CCCCCCCCCCCCCCCCCC(=O)[O-].[Mg+2]
6436173,24261,0,CC1C=CC=C(C(=O)NC2=C(C3=C(C4=C(C(=C3O)C)OC(C4=O)(OC=CC(C(C(C(C(C(C1O)C)O)C)OC(=O)C)C)OC)C)C5=C2N6C=CC(=CC6=N5)C)O)C,O=[Si]=O
23670359,26042,0,CCCCCN(C)CCC(O)(P(=O)(O)O)P(=O)(O)[O-].[Na+],O=[Ti]=O
2249,4327536,1,CC(C)NCC(COC1=CC=C(C=C1)CC(=O)N)O,CC(COCC1C(C(C(C(O1)OC2C(OC(C(C2OCC(C)O)OCC(C)O)OCC(C)O)COCC(C)O)OCC(C)O)OCC(C)O)OCC(C)O)O
5391,131751496,1,CN1C2=C(C=C(C=C2)Cl)C(=NC(C1=O)O)C3=CC=CC=C3,C1CC(=O)N(C1)C(CP)P
154256,11177,0,CC1=C(N(C2=C1C=C(C=C2)O)CC3=CC=C(C=C3)OCCN4CCCCCC4)C5=CC=C(C=C5)O.CC(=O)O,CCCCCCCCCCCCCCCCCC(=O)[O-].CCCCCCCCCCCCCCCCCC(=O)[O-].[Mg+2]
2082,11177,1,CCCSC1=CC2=C(C=C1)N=C(N2)NC(=O)OC,CCCCCCCCCCCCCCCCCC(=O)[O-].CCCCCCCCCCCCCCCCCC(=O)[O-].[Mg+2]
2345,516875,1,C1=CC=C(C=C1)COC(=O)C2=CC=CC=C2,[O-][Mn](=O)(=O)=O.[K+]
163761,26042,0,CC1=CC(=NC2=C1C(=C(C=C2NC(C)CCCN)OC)OC3=CC=CC(=C3)C(F)(F)F)OC.C(CC(=O)O)C(=O)O,O=[Ti]=O
24785956,11177,0,CC1=C(C(=O)N(C(=O)N1CC2=C(C=CC=C2F)C(F)(F)F)CC(C3=CC=CC=C3)NCCCC(=O)[O-])C4=C(C(=CC=C4)OC)F.[Na+],CCCCCCCCCCCCCCCCCC(=O)[O-].CCCCCCCCCCCCCCCCCC(=O)[O-].[Mg+2]
16757572,104938,0,CC1=C(C=C(C=C1)C(=O)NC2=CC(=CC(=C2)C(F)(F)F)N3C=C(N=C3)C)NC4=NC=CC(=N4)C5=CN=CC=C5.O.Cl,C(C1C(C(C(C(O1)OC2C(OC(C(C2O)O)O)CO)O)O)O)O.O
14250,807,1,CCCCCCCCCCCCCC[N+](C)(C)C.[Br-],II
9552079,24424,1,C1=CC(=CC=C1NC(=NC(=NCCCCCCN=C(N)N=C(N)NC2=CC=C(C=C2)Cl)N)N)Cl,[O-]S(=O)(=O)[O-].[Zn+2]
49800073,26924,0,C1C2CC2N(C1C#N)C(=O)C(C34CC5CC(C3)CC(C5)(C4)O)N.Cl,O[Si](=O)[O-].O[Si](=O)[O-].[O-][Si](=O)[O-].[O-][Si](=O)[O-].[Mg+2].[Mg+2].[Mg+2]
71586738,6251,0,C1CC(C2=C(C=CC=N2)C(C1C3=C(C(=CC=C3)F)F)N)OC(=O)N4CCC(CC4)N5C6=C(NC5=O)N=CC=C6.C1CC(C2=C(C=CC=N2)C(C1C3=C(C(=CC=C3)F)F)N)OC(=O)N4CCC(CC4)N5C6=C(NC5=O)N=CC=C6.O.O.O.OS(=O)(=O)O,C(C(C(C(C(CO)O)O)O)O)O
5362065,11177,0,C=CC1=C(N2C(C(C2=O)NC(=O)C(=NOCC(=O)O)C3=CSC(=N3)N)SC1)C(=O)O,CCCCCCCCCCCCCCCCCC(=O)[O-].CCCCCCCCCCCCCCCCCC(=O)[O-].[Mg+2]
4908,6134,1,CC(CCCN)NC1=C2C(=CC(=C1)OC)C=CC=N2,C(C1C(C(C(C(O1)OC2C(OC(C(C2O)O)O)CO)O)O)O)O
6917,996,1,C=CN1CCCC1=O,C1=CC=C(C=C1)O
3002977,26924,0,CC1=NN=C(N1C2CC3CCC(C2)N3CCC(C4=CC=CC=C4)NC(=O)C5CCC(CC5)(F)F)C(C)C,O[Si](=O)[O-].O[Si](=O)[O-].[O-][Si](=O)[O-].[O-][Si](=O)[O-].[Mg+2].[Mg+2].[Mg+2]
9997821,23663626,1,CC1(C(N2C(S1(=O)=O)CC2=O)C(=O)OCOC(=O)C(C)(C)C)C,COC(=O)C1=CC=C(C=C1)[O-].[Na+]
92974,56841934,0,C1=CC(=C(C=C1C(C(C(=O)O)N)O)O)O,O.O.O.[Fe].[Fe]
446987,23673837,1,CC1C(O1)P(=O)(O)O,CCCCC(CC)COC(=O)CC(C(=O)OCC(CC)CCCC)S(=O)(=O)[O-].[Na+]
14986,15908632,1,CC1=C(C=C2CCC(OC2=C1C)(C)CCCC(C)CCCC(C)CCCC(C)C)O,CC(C)(OO)OO
2249,57503849,1,CC(C)NCC(COC1=CC=C(C=C1)CC(=O)N)O,CC(COCC1C(C(C(C(O1)OC2C(OC(C(C2OCC(C)O)OCC(C)O)OCC(C)O)COCC(C)O)OCC(C)O)OCC(C)O)OCC(C)O)O.COCC1C(C(C(C(O1)OC2C(OC(C(C2OC)OC)OC)COC)OC)OC)OC
9552079,712,1,C1=CC(=CC=C1NC(=NC(=NCCCCCCN=C(N)N=C(N)NC2=CC=C(C=C2)Cl)N)N)Cl,C=O
2450,24477,1,C(C(CO)([N+](=O)[O-])Br)O,[O-]S(=O)(=S)[O-].[Na+].[Na+]
3883,26042,0,CC1=C(C=CN=C1CS(=O)C2=NC3=CC=CC=C3N2)OCC(F)(F)F,O=[Ti]=O
17747012,6134,0,CC1=CN=C(C(=C1OC)C)CS(=O)C2=NC3=C([N-]2)C=CC(=C3)OC.CC1=CN=C(C(=C1OC)C)CS(=O)C2=NC3=C([N-]2)C=CC(=C3)OC.O.O.[Mg+2],C(C1C(C(C(C(O1)OC2C(OC(C(C2O)O)O)CO)O)O)O)O
86472,24456,1,CC1=C(C(=C(C2=C1OC(CC2)(C)CCCC(C)CCCC(C)CCCC(C)C)C)OC(=O)C)C,[O-]P(=O)([O-])[O-].[O-]P(=O)([O-])[O-].[Ca+2].[Ca+2].[Ca+2]
66370,441374,1,C(C1C(C(C(C(O1)O)O)O)O)O.O,C1C(C(C(C(C1N)OC2C(C(C(C(O2)CN)O)O)O)O)OC3C(C(C(C(O3)CO)O)N)O)N.OS(=O)(=O)O
60795,123706,0,C1CC(=O)NC2=C1C=CC(=C2)OCCCCN3CCN(CC3)C4=C(C(=CC=C4)Cl)Cl,CCC(C1=C(C=C(C=C1)N(C)C)C)N
5280443,14778,1,C1=CC(=CC=C1C2=CC(=O)C3=C(C=C(C=C3O2)O)O)O,O=[Ca]
78000,14055602,0,CCC(CC)OC1C=C(CC(C1NC(=O)C)N)C(=O)OCC.OP(=O)(O)O,COC1C(OC(C(C1O)O)OC2C(OC(C(C2O)O)OC)CO)CO
148195,24751,0,C1CN(CCC1CC(=O)N2CCC(CC2)C3C4=C(CCC5=C3N=CC(=C5)Br)C=C(C=C4Br)Cl)C(=O)N,CC1CO1.C1CO1
135398508,104938,0,C=C1C(CC(C1CO)O)N2C=NC3=C2N=C(NC3=O)N,C(C1C(C(C(C(O1)OC2C(OC(C(C2O)O)O)CO)O)O)O)O.O
9918581,174,0,C1CCC(CC1)N2CCN(CC2)C3=C(N=C(S3)NC(=O)C4=CC(=C(N=C4)N5CCC(CC5)C(=O)O)Cl)C6=CC(=CS6)Cl.C(=CC(=O)O)C(=O)O,C(CO)O
1349907,24832091,0,CN1C=CNC1=S,CCOCC1C(C(C(C(O1)OC)OCC)OCC)OC2C(C(C(C(O2)CO)OC)O)O
23699544,444972,0,CCOC1=NC2=CC=CC(=C2N1CC3=CC=C(C=C3)C4=CC=CC=C4C5=NOC(=O)[N-]5)C(=O)OCC6=C(OC(=O)O6)C.[K+],C(=CC(=O)O)C(=O)O
6850754,1118,1,COC1C(C(C(OC1C(=O)O)OC2C(C(C(OC2C(=O)O)OC)O)O)O)O,OS(=O)(=O)O
9871419,6251,0,CCCSC1=NC(=C2C(=N1)N(N=N2)C3CC(C(C3O)O)OCCO)NC4CC4C5=CC(=C(C=C5)F)F,C(C(C(C(C(CO)O)O)O)O)O
31239,11177,1,CCCCCCCCCCCCCCCC[N+]1=CC=CC=C1.[Cl-],CCCCCCCCCCCCCCCCCC(=O)[O-].CCCCCCCCCCCCCCCCCC(=O)[O-].[Mg+2]
11949652,11177,1,CC1=NN(C(=C1)N2CCN(CC2)C3CC(NC3)C(=O)N4CCSC4)C5=CC=CC=C5,CCCCCCCCCCCCCCCCCC(=O)[O-].CCCCCCCCCCCCCCCCCC(=O)[O-].[Mg+2]
56649450,174,0,CC1=C(SC(=N1)NC(=O)N2CCCC2C(=O)N)C3=CC(=NC=C3)C(C)(C)C(F)(F)F,C(CO)O
6918248,26924,0,C1CN(CCN1CCN2C3=CC=CC=C3NC2=O)C4=CC=CC(=C4)C(F)(F)F,O[Si](=O)[O-].O[Si](=O)[O-].[O-][Si](=O)[O-].[O-][Si](=O)[O-].[Mg+2].[Mg+2].[Mg+2]
6328154,23994,1,CC(=O)O.C(C(C(C(C(C=O)O)O)O)O)O.[Na],[Zn]
58460047,26042,0,CN1C(=NNC1=O)CN2C=CC(=C(C2=O)OC3=CC(=CC(=C3)C#N)Cl)C(F)(F)F,O=[Ti]=O
3365,6134,1,C1=CC(=C(C=C1F)F)C(CN2C=NC=N2)(CN3C=NC=N3)O,C(C1C(C(C(C(O1)OC2C(OC(C(C2O)O)O)CO)O)O)O)O
5284583,24667,0,CCC(C(=O)N)N1CCCC1=O,CC(C)(C)C1=C(C=CC(=C1)O)OC.CC(C)(C)C1=C(C=CC(=C1)OC)O
5479,6328154,0,CCS(=O)(=O)CCN1C(=NC=C1[N+](=O)[O-])C,CC(=O)O.C(C(C(C(C(C=O)O)O)O)O)O.[Na]
46908927,104938,0,CC1=C(C=C(C=C1)C(=O)NC2=CC(=C(C=C2)CN3CCN(CC3)C)C(F)(F)F)C#CC4=CN=C5N4N=CC=C5.Cl,C(C1C(C(C(C(O1)OC2C(OC(C(C2O)O)O)CO)O)O)O)O.O
3033,24441,0,C1=CC=C(C(=C1)CC(=O)O)NC2=C(C=CC=C2Cl)Cl,OP(=O)([O-])[O-].[Ca+2]
4814,6134,1,COC1=C(C=C(C=C1)C(=O)NCC2=CN=CC=C2)C(=O)NCC3=CN=CC=C3,C(C1C(C(C(C(O1)OC2C(OC(C(C2O)O)O)CO)O)O)O)O
16078,20353,1,CCCCCC1=CC(=C2C3C=C(CCC3C(OC2=C1)(C)C)C)O,CC1=C(C(=C(C2=C1OC(CC2)(C)CCCC(C)CCCC(C)CCCC(C)C)C)OC(=O)CCC(=O)O)C
5280965,6049,1,CC1C=CC=CC=CC=CC=CC=CC=CC(CC2C(C(CC(O2)(CC(CC(C(CCC(CC(CC(=O)OC(C(C1O)C)C)O)O)O)O)O)O)O)C(=O)O)OC3C(C(C(C(O3)C)O)N)O,C(CN(CC(=O)O)CC(=O)O)N(CC(=O)O)CC(=O)O
1775,56841936,1,C1=CC=C(C=C1)C2(C(=O)NC(=O)N2)C3=CC=CC=C3,O.O.O=[Al]O[Si](=O)O[Si](=O)O[Al]=O
3081361,131751496,0,CN1CCC(CC1)COC2=C(C=C3C(=C2)N=CN=C3NC4=C(C=C(C=C4)Br)F)OC,C1CC(=O)N(C1)C(CP)P
216326,14055602,0,C1CC(=O)NC(=O)C1N2CC3=C(C2=O)C=CC=C3N,COC1C(OC(C(C1O)O)OC2C(OC(C(C2O)O)OC)CO)CO
2244,24497,1,CC(=O)OC1=CC=CC=C1C(=O)O,[O-]S(=O)(=O)[O-].[Ca+2]
10176082,26574,1,[OH-].[OH-].[OH-].[Al+3],B([O-])([O-])[O-]
14985,104755,1,CC1=C(C2=C(CCC(O2)(C)CCCC(C)CCCC(C)CCCC(C)C)C(=C1O)C)C,[Ag+]
7628,14798,1,B(O)(O)O,[OH-].[Na+]
2083,26924,0,CC(C)(C)NCC(C1=CC(=C(C=C1)O)CO)O,O[Si](=O)[O-].O[Si](=O)[O-].[O-][Si](=O)[O-].[O-][Si](=O)[O-].[Mg+2].[Mg+2].[Mg+2]
51039,6134,0,C1C(=C(N2C(S1)C(C2=O)NC(=O)C(C3=CC=CC=C3)N)C(=O)O)Cl,C(C1C(C(C(C(O1)OC2C(OC(C(C2O)O)O)CO)O)O)O)O
2249,11177,0,CC(C)NCC(COC1=CC=C(C=C1)CC(=O)N)O,CCCCCCCCCCCCCCCCCC(=O)[O-].CCCCCCCCCCCCCCCCCC(=O)[O-].[Mg+2]
5311083,3776,0,CC1=CN=C(C(=C1OC)C)CS(=O)C2=NC3=C([N-]2)C=CC(=C3)OC.CC1=CN=C(C(=C1OC)C)CS(=O)C2=NC3=C([N-]2)C=CC(=C3)OC.[Mg+2],CC(C)O
5281792,11177,1,C1=CC(=C(C=C1CC(C(=O)O)OC(=O)C=CC2=CC(=C(C=C2)O)O)O)O,CCCCCCCCCCCCCCCCCC(=O)[O-].CCCCCCCCCCCCCCCCCC(=O)[O-].[Mg+2]
9800068,26924,0,CN(C)CC(C1=CC=C(C=C1)O)C2(CCCCC2)O.C(CC(=O)O)C(=O)O,O[Si](=O)[O-].O[Si](=O)[O-].[O-][Si](=O)[O-].[O-][Si](=O)[O-].[Mg+2].[Mg+2].[Mg+2]
8753,56841936,1,CCCCCCCCCCCC[N+](C)(C)CC1=CC=CC=C1.[Cl-],O.O.O=[Al]O[Si](=O)O[Si](=O)O[Al]=O
5483,11177,0,CC(C(=O)NCC(=O)O)S,CCCCCCCCCCCCCCCCCC(=O)[O-].CCCCCCCCCCCCCCCCCC(=O)[O-].[Mg+2]
446987,62551,1,CC1C(O1)P(=O)(O)O,C(COCCOCCOCCOCCO)O
11551689,24261,0,C1CCN(CC1)CCCOCCCC2=CC=C(C=C2)Cl.Cl,O=[Si]=O
9433,6134,1,CN1C2=C(C(=O)N(C1=O)C)NC=N2.CN1C2=C(C(=O)N(C1=O)C)NC=N2.C(CN)N,C(C1C(C(C(C(O1)OC2C(OC(C(C2O)O)O)CO)O)O)O)O
5391,21862903,1,CN1C2=C(C=C(C=C2)Cl)C(=NC(C1=O)O)C3=CC=CC=C3,O.O.[O-]P(=O)([O-])[O-].[Ca+2].[Ca+2]
51081,6134,1,CCN1C=C(C(=O)C2=CC(=C(C=C21)N3CCN(CC3)C)F)C(=O)O,C(C1C(C(C(C(O1)OC2C(OC(C(C2O)O)O)CO)O)O)O)O
12560,104805,1,CCC1C(C(C(C(=O)C(CC(C(C(C(C(C(=O)O1)C)OC2CC(C(C(O2)C)O)(C)OC)C)OC3C(C(CC(O3)C)N(C)C)O)(C)O)C)C)O)(C)O,O.O.OP(=O)([O-])[O-].[Ca+2]
156391,114690,1,CC(C1=CC2=C(C=C1)C=C(C=C2)OC)C(=O)O,CCCCCCCCCCCCCCCCCC(=O)O.CCCCCCCCCCCCCCCC(=O)O.C(C(CO)O)O
6450551,56841934,0,CNC(=O)C1=CC=CC=C1SC2=CC3=C(C=C2)C(=NN3)C=CC4=CC=CC=N4,O.O.O.[Fe].[Fe]
12560,24497,1,CCC1C(C(C(C(=O)C(CC(C(C(C(C(C(=O)O1)C)OC2CC(C(C(O2)C)O)(C)OC)C)OC3C(C(CC(O3)C)N(C)C)O)(C)O)C)C)O)(C)O,[O-]S(=O)(=O)[O-].[Ca+2]
41684,135436515,0,CC(=O)OC1=CC=CC=C1C(=O)NC2=NC=C(S2)[N+](=O)[O-],C1=CC2=C(C=C1S(=O)(=O)O)C(=C(N2)C3=NC4=C(C3=O)C=C(C=C4)S(=O)(=O)O)O.[Na+]
5391,114690,1,CN1C2=C(C=C(C=C2)Cl)C(=NC(C1=O)O)C3=CC=CC=C3,CCCCCCCCCCCCCCCCCC(=O)O.CCCCCCCCCCCCCCCC(=O)O.C(C(CO)O)O
2450,5359268,1,C(C(CO)([N+](=O)[O-])Br)O,[Al]
3386,6134,1,CNCCC(C1=CC=CC=C1)OC2=CC=C(C=C2)C(F)(F)F,C(C1C(C(C(C(O1)OC2C(OC(C(C2O)O)O)CO)O)O)O)O
189729,6134,1,C1CC(N(C1)C(=O)C(CCCCN)OP(=O)(CCCCC2=CC=CC=C2)O)C(=O)O,C(C1C(C(C(C(O1)OC2C(OC(C(C2O)O)O)CO)O)O)O)O
47576,24261,1,CC(=O)N1CCN(CC1)C2=CC=C(C=C2)OCC3COC(O3)(CN4C=CN=C4)C5=C(C=C(C=C5)Cl)Cl,O=[Si]=O
5391,11177,1,CN1C2=C(C=C(C=C2)Cl)C(=NC(C1=O)O)C3=CC=CC=C3,CCCCCCCCCCCCCCCCCC(=O)[O-].CCCCCCCCCCCCCCCCCC(=O)[O-].[Mg+2]
25166913,11177,0,CN1CCC(CC1C2=NC3=CC=CC=C3N2)NC(=O)NC4=CC=C(C=C4)C#N,CCCCCCCCCCCCCCCCCC(=O)[O-].CCCCCCCCCCCCCCCCCC(=O)[O-].[Mg+2]
50922675,14789,0,CC(C)N1C=C(C(=N1)C2=C(C(=CC(=C2)Cl)NS(=O)(=O)C)F)C3=NC(=NC=C3)NCC(C)NC(=O)OC,O[Fe]=O.O[Fe]=O.[Fe]
11673085,26042,0,CC1CNCCC2=C1C=C(C=C2)Cl.Cl,O=[Ti]=O
9874560,104938,0,CCCCC(=O)OC1CCC2C1(CCC3C2CCC4=C3C=CC(=C4)O)C.CC12CCC3=C4CCC(=O)C=C4CCC3C1CCC2(CC#N)O,C(C1C(C(C(C(O1)OC2C(OC(C(C2O)O)O)CO)O)O)O)O.O
9837243,6328154,0,CCCC1CC(=O)N(C1)C(CC)C(=O)N,CC(=O)O.C(C(C(C(C(C=O)O)O)O)O)O.[Na]
59768,6255,1,CC(C)NCC(COC1=CC=C(C=C1)CCC(=O)OC)O,C(C1C(C(C(C(O1)OC2C(OC(C(C2O)O)O)CO)O)O)O)O
446987,1110,1,CC1C(O1)P(=O)(O)O,C(CC(=O)O)C(=O)O
441300,24751,0,C1CC1NC2=C3C(=NC(=N2)N)N(C=N3)C4CC(C=C4)CO,CC1CO1.C1CO1
8753,31348,1,CCCCCCCCCCCC[N+](C)(C)CC1=CC=CC=C1.[Cl-],C(C(=O)[O-])C(CC(=O)[O-])(C(=O)[O-])O
11625818,174,0,CCC(C1=NC2=C(C(=CC=C2)F)C(=O)N1C3=CC=CC=C3)NC4=NC=NC5=C4NC=N5,C(CO)O
2082,135350084,0,CCCSC1=CC2=C(C=C1)N=C(N2)NC(=O)OC,COC1=C(C=CC2=C(C=CN=C21)OC3=C(C=C(C=C3)NC(=O)C(=O)NCCC4=CC5=C(C=C4)OCO5)F)OCC6CCNCC6
11644097,2723854,0,C1C(C(C(C(N1)CO)O)O)O.Cl,C1=CC2=C(C=C1S(=O)(=O)[O-])C(=C(N2)C3=NC4=C(C3=O)C=C(C=C4)S(=O)(=O)[O-])O.[Na+].[Na+]
122201352,26042,0,CNC(=O)C1=C(C=C(C=C1)C2=NN3C(=CN=C3N=C2)CC4=CC5=C(C=C4)N=CC=C5)F.O.Cl.Cl,O=[Ti]=O
6442177,104938,0,CC1CCC2CC(C(=CC=CC=CC(CC(C(=O)C(C(C(=CC(C(=O)CC(OC(=O)C3CCCCN3C(=O)C(=O)C1(O2)O)C(C)CC4CCC(C(C4)OC)OCCO)C)C)O)OC)C)C)C)OC,C(C1C(C(C(C(O1)OC2C(OC(C(C2O)O)O)CO)O)O)O)O.O
14055602,516875,1,COC1C(OC(C(C1O)O)OC2C(OC(C(C2O)O)OC)CO)CO,[O-][Mn](=O)(=O)=O.[K+]
11476460,11177,0,CN1N=C(N=N1)C2=NC=C(C=C2)C3=C(C=C(C=C3)N4CC(OC4=O)COP(=O)(O)O)F,CCCCCCCCCCCCCCCCCC(=O)[O-].CCCCCCCCCCCCCCCCCC(=O)[O-].[Mg+2]
10324367,6917,0,CC1(C2C1C(N(C2)C(=O)C(C(C)(C)C)NC(=O)NC(C)(C)C)C(=O)NC(CC3CCC3)C(=O)C(=O)N)C,C=CN1CCCC1=O
3476,5281,0,CCC1=C(CN(C1=O)C(=O)NCCC2=CC=C(C=C2)S(=O)(=O)NC(=O)NC3CCC(CC3)C)C,CCCCCCCCCCCCCCCCCC(=O)O
11001318,1030,0,C1=CC2=C(C=C1C(=O)O)OC(=N2)C3=CC(=CC(=C3)Cl)Cl,CC(CO)O
62698,516875,1,C(C1C(C(C(C(O1)OC2C(OC(C(C2O)O)OC3C(OC(C(C3O)O)O)CO)CO)O)O)O)O,[O-][Mn](=O)(=O)=O.[K+]
3488,11177,1,COC1=C(C=C(C=C1)Cl)C(=O)NCCC2=CC=C(C=C2)S(=O)(=O)NC(=O)NC3CCCCC3,CCCCCCCCCCCCCCCCCC(=O)[O-].CCCCCCCCCCCCCCCCCC(=O)[O-].[Mg+2]
2244,11177,1,CC(=O)OC1=CC=CC=C1C(=O)O,CCCCCCCCCCCCCCCCCC(=O)[O-].CCCCCCCCCCCCCCCCCC(=O)[O-].[Mg+2]
66558664,26924,0,CCN(C1CCOCC1)C2=CC(=CC(=C2C)C(=O)NCC3=C(C=C(NC3=O)C)C)C4=CC=C(C=C4)CN5CCOCC5,O[Si](=O)[O-].O[Si](=O)[O-].[O-][Si](=O)[O-].[O-][Si](=O)[O-].[Mg+2].[Mg+2].[Mg+2]
23663870,14055602,1,C(CC(=O)[O-])CO.[Na+],COC1C(OC(C(C1O)O)OC2C(OC(C(C2O)O)OC)CO)CO
4908,24836924,0,CC(CCCN)NC1=C2C(=CC(=C1)OC)C=CC=N2,CC1C(C(C(C(O1)CO)OC2C(C(C(C(O2)COC3C(C(C(C(O3)CO)OC)O)O)OC4C(C(C(C(O4)CO)OC)O)O)O)O)O)O
25517,22985,1,[NH4+].[Cl-],[NH4+].[N+](=O)([O-])[O-]
10176082,1117,1,[OH-].[OH-].[OH-].[Al+3],[O-]S(=O)(=O)[O-]
456199,24261,0,C1C(COC2=NC(=CN21)[N+](=O)[O-])OCC3=CC=C(C=C3)OC(F)(F)F,O=[Si]=O
121892,14950,0,CCOC(=O)NC1=C(C=C(C=C1)NCC2=CC=C(C=C2)F)N,CC1=C2C(=CC(=C1C(=O)O)O)C(=O)C3=C(C2=O)C(=C(C(=C3O)O)C4C(C(C(C(O4)CO)O)O)O)O
31239,516875,1,CCCCCCCCCCCCCCCC[N+]1=CC=CC=C1.[Cl-],[O-][Mn](=O)(=O)=O.[K+]
46700777,6438359,0,CCC1=C(C=CC(=C1)C(=NOCC2=CC(=C(C=C2)C3CCCCC3)C(F)(F)F)C)CN4CC(C4)C(=O)O.CCC1=C(C=CC(=C1)C(=NOCC2=CC(=C(C=C2)C3CCCCC3)C(F)(F)F)C)CN4CC(C4)C(=O)O.C(=CC(=O)O)C(=O)O,CCCCCCCCCCCCCCCC(=O)OCC(COP(=O)([O-])OCC[N+](C)(C)C)OC(=O)CCCCCCCC=CCC=CCCCCC
67683363,11177,0,CC1CCC(N1C(=O)C(C(C)C)NC(=O)OC)C2=NC3=C(N2)C=CC4=CC5=C(C=C43)OCC6=C5C=CC(=C6)C7=CN=C(N7)C8CC(CN8C(=O)C(C9=CC=CC=C9)NC(=O)OC)COC,CCCCCCCCCCCCCCCCCC(=O)[O-].CCCCCCCCCCCCCCCCCC(=O)[O-].[Mg+2]
3062316,104938,0,CC1=C(C(=CC=C1)Cl)NC(=O)C2=CN=C(S2)NC3=CC(=NC(=N3)C)N4CCN(CC4)CCO,C(C1C(C(C(C(O1)OC2C(OC(C(C2O)O)O)CO)O)O)O)O.O
25127112,123706,0,C1CCC(C1)C(CC#N)N2C=C(C=N2)C3=C4C=CNC4=NC=N3.OP(=O)(O)O,CCC(C1=C(C=C(C=C1)N(C)C)C)N
6474107,5997,1,CC1CCC2(C(C3C(O2)C(C4C3(CCC5C4CCC6C5(CC(C(C6)OC7C(C(C(C(O7)CO)OC8C(C(C(C(O8)CO)O)OC9C(C(C(CO9)O)O)O)OC2C(C(C(C(O2)CO)O)OC2C(C(C(C(O2)CO)O)O)O)O)O)O)O)C)C)O)C)OC1,CC(C)CCCC(C)C1CCC2C1(CCC3C2CC=C4C3(CCC(C4)O)C)C
156391,134601,0,CC(C1=CC2=C(C=C1)C=C(C=C2)OC)C(=O)O,COC(=O)C(CC1=CC=CC=C1)NC(=O)C(CC(=O)O)N
68704,131751496,1,CC(C)CC1=CC=C(C=C1)C(C)C(=O)NO,C1CC(=O)N(C1)C(CP)P
5280443,10340,1,C1=CC(=CC=C1C2=CC(=O)C3=C(C=C(C=C3O2)O)O)O,C(=O)([O-])[O-].[Na+].[Na+]
3488,6917,0,COC1=C(C=C(C=C1)Cl)C(=O)NCCC2=CC=C(C=C2)S(=O)(=O)NC(=O)NC3CCCCC3,C=CN1CCCC1=O
3333,6251,0,CCOC(=O)C1=C(NC(=C(C1C2=C(C(=CC=C2)Cl)Cl)C(=O)OC)C)C,C(C(C(C(C(CO)O)O)O)O)O
118023034,26042,0,CC(C1=CC=C(C=C1)F)(C2=CN=C(N=C2)N3CCN(CC3)C4=NC=NN5C4=CC(=C5)C6=CN(N=C6)C)N,O=[Ti]=O
753,516875,1,C(C(CO)O)O,[O-][Mn](=O)(=O)=O.[K+]
4075,26924,0,C1=CC(=C(C=C1N)C(=O)O)O,O[Si](=O)[O-].O[Si](=O)[O-].[O-][Si](=O)[O-].[O-][Si](=O)[O-].[Mg+2].[Mg+2].[Mg+2]
25517,1118,1,[NH4+].[Cl-],OS(=O)(=O)O
30667,17730,0,CC(C1=NCCN1)OC2=C(C=CC=C2Cl)Cl.Cl,C1=CC(=CC=C1N=NC2=C(C=CC3=C2C=CC(=C3)S(=O)(=O)[O-])O)S(=O)(=O)[O-].[Na+].[Na+]
40632,6917,0,CC1=CN(C(=O)C=C1)C2=CC=CC=C2,C=CN1CCCC1=O
2450,5460613,1,C(C(CO)([N+](=O)[O-])Br)O,[SH]
31239,51063134,1,CCCCCCCCCCCCCCCC[N+]1=CC=CC=C1.[Cl-],COCC1C(C(C(C(O1)OC2C(OC(C(C2OC)OC)OC)COC)OC)OC)OC
6918427,26924,0,CC(C)C(CC1=CC(=C(C=C1)OC)OCCCOC)CC(C(CC(C(C)C)C(=O)NCC(C)(C)C(=O)N)O)N.CC(C)C(CC1=CC(=C(C=C1)OC)OCCCOC)CC(C(CC(C(C)C)C(=O)NCC(C)(C)C(=O)N)O)N.C(=CC(=O)O)C(=O)O,O[Si](=O)[O-].O[Si](=O)[O-].[O-][Si](=O)[O-].[O-][Si](=O)[O-].[Mg+2].[Mg+2].[Mg+2]
59772,14055602,0,CNS(=O)(=O)CC1=CC2=C(C=C1)NC=C2CCN(C)C.C(CC(=O)O)C(=O)O,COC1C(OC(C(C1O)O)OC2C(OC(C(C2O)O)OC)CO)CO
9869929,123706,0,COC1=C(C=C(C=C1)CNC2=NC(=NC=C2C(=O)NCC3=NC=CC=N3)N4CCCC4CO)Cl,CCC(C1=C(C=C(C=C1)N(C)C)C)N
23725423,11177,0,CC1=C(C2=CC=CC=C2N1)CCNCC3=CC=C(C=C3)C=CC(=O)NO.CC(C(=O)O)O,CCCCCCCCCCCCCCCCCC(=O)[O-].CCCCCCCCCCCCCCCCCC(=O)[O-].[Mg+2]
60606,62551,1,COC(=O)C(C1=CC=CC=C1Cl)N2CCC3=C(C2)C=CS3,C(COCCOCCOCCOCCO)O
5977,72941614,1,CC(C)(C(Cl)(Cl)Cl)O,O.[O-2].[O-2].[O-2].[O-2].[O-2].[O-2].[O-2].[O-2].[O-2].[O-2].[O-2].[O-2].[Na+].[Na+].[Al+3].[Al+3].[Si+4].[Si+4].[Si+4].[Si+4]
10174505,24832095,0,CC1CCN(CC1N(C)C2=NC=NC3=C2C=CN3)C(=O)CC#N.C(C(=O)O)C(CC(=O)O)(C(=O)O)O,CC(COCC1C(C(C(C(O1)OC)OCC(C)O)OCC(C)O)OC2C(C(C(C(O2)COC)OC3C(C(C(C(O3)CO)OC)O)O)OC)OC)O
2726,342,1,CN(C)CCCN1C2=CC=CC=C2SC3=C1C=C(C=C3)Cl,CC1=CC(=CC=C1)O
8753,30165,1,CCCCCCCCCCCC[N+](C)(C)CC1=CC=CC=C1.[Cl-],[I-]
17397714,24261,0,COC1=CC=CC=C1CNC(=O)C2=NOC(=C2)C3=CC=CC=C3,O=[Si]=O
14986,23954,1,CC1=C(C=C2CCC(OC2=C1C)(C)CCCC(C)CCCC(C)CCCC(C)C)O,[Ag]
65157,31404,0,CCCCCCCCCCC(=O)OC1CCC2C1(CCC3C2CCC4=CC(=O)CCC34C)C,CC1=CC(=C(C(=C1)C(C)(C)C)O)C(C)(C)C
181458,26924,0,CC12CC3CC(C1)(CC(C3)(C2)N)C.Cl,O[Si](=O)[O-].O[Si](=O)[O-].[O-][Si](=O)[O-].[O-][Si](=O)[O-].[Mg+2].[Mg+2].[Mg+2]
66370,16204922,1,C(C1C(C(C(C(O1)O)O)O)O)O.O,CC(=O)CC(C1=CC=CC=C1)C2=C(C3=CC=CC=C3OC2=O)[O-].[Na+]
14055602,24823,1,COC1C(OC(C(C1O)O)OC2C(OC(C(C2O)O)OC)CO)CO,[O-][O+]=O
5284583,56841934,0,CCC(C(=O)N)N1CCCC1=O,O.O.O.[Fe].[Fe]
3715,5281,1,CC1=C(C2=C(N1C(=O)C3=CC=C(C=C3)Cl)C=CC(=C2)OC)CC(=O)O,CCCCCCCCCCCCCCCCCC(=O)O
45375808,174,0,CC(C)OC(=O)C(C)NP(=O)(OCC1C(C(C(O1)N2C=CC(=O)NC2=O)(C)F)O)OC3=CC=CC=C3,C(CO)O
5340,131751496,1,C1=CC(=CC=C1N)S(=O)(=O)NC2=NC=CS2,C1CC(=O)N(C1)C(CP)P
5361917,3423265,0,C[N+]1(CCC23C4C(=O)CCC2(C1CC5=C3C(=C(C=C5)O)O4)O)CC6CC6.[Br-],CCCCCCCCCCCCOS(=O)(=O)[O-].[Na+]
8753,24424,1,CCCCCCCCCCCC[N+](C)(C)CC1=CC=CC=C1.[Cl-],[O-]S(=O)(=O)[O-].[Zn+2]
23681451,11177,1,CCC(=O)OC(C(C)C)OP(=O)(CCCCC1=CC=CC=C1)CC(=O)N2CC(CC2C(=O)[O-])C3CCCCC3.[Na+],CCCCCCCCCCCCCCCCCC(=O)[O-].CCCCCCCCCCCCCCCCCC(=O)[O-].[Mg+2]
5560,121950,1,C1=C2C(=CC(=C1Cl)S(=O)(=O)N)S(=O)(=O)NC(N2)C(Cl)Cl,CC(CO)O.CC(=O)O.CO.C(CC(=O)O)C(=O)O
5288826,977,1,CN1CCC23C4C1CC5=C2C(=C(C=C5)O)OC3C(C=C4)O,O=O
2249,54670067,1,CC(C)NCC(COC1=CC=C(C=C1)CC(=O)N)O,C(C(C1C(=C(C(=O)O1)O)O)O)O
3059,104931,1,C1=CC(=C(C=C1C2=C(C=C(C=C2)F)F)C(=O)O)O,CCOC(=O)C=C.CC(=C)C(=O)OC.CC(=C)C(=O)OCC[N+](C)(C)C.[Cl-]
2723,51063134,1,CC1=CC(=CC(=C1Cl)C)O,COCC1C(C(C(C(O1)OC2C(OC(C(C2OC)OC)OC)COC)OC)OC)OC
9552079,24470,1,C1=CC(=CC=C1NC(=NC(=NCCCCCCN=C(N)N=C(N)NC2=CC=C(C=C2)Cl)N)N)Cl,[N+](=O)([O-])[O-].[Ag+]
91270,14792,1,CCOC(=O)C(CCC1=CC=CC=C1)NC(C)C(=O)N2CC3=CC(=C(C=C3CC2C(=O)O)OC)OC,O=[Mg]
10472693,26924,0,CC(C)(CCCCCC(CCCCCC(C)(C)C(=O)O)O)C(=O)O,O[Si](=O)[O-].O[Si](=O)[O-].[O-][Si](=O)[O-].[O-][Si](=O)[O-].[Mg+2].[Mg+2].[Mg+2]
24965990,518696,0,CC1CCN(CCN1C(=O)C2=C(C=CC(=C2)C)N3N=CC=N3)C4=NC5=C(O4)C=CC(=C5)Cl,O=[Fe]O[Fe]=O
5018304,11177,1,C1=CC=C(C(=C1)CC(=O)[O-])NC2=C(C=CC=C2Cl)Cl.[Na+],CCCCCCCCCCCCCCCCCC(=O)[O-].CCCCCCCCCCCCCCCCCC(=O)[O-].[Mg+2]
60606,6917,0,COC(=O)C(C1=CC=CC=C1Cl)N2CCC3=C(C2)C=CS3,C=CN1CCCC1=O
34312,131751496,0,C1C2=CC=CC=C2N(C3=CC=CC=C3C1=O)C(=O)N,C1CC(=O)N(C1)C(CP)P
62882,44630049,1,CC(C)NCC(COC1=CC=CC2=CC=CC=C21)O.Cl,C1(C(C(OC(C1O)OC2C(C(C(OC2C(=O)O)OC3C(C(C(OC3C(=O)[O-])O)O)O)O)O)C(=O)[O-])O)O.[Ca+2]
12560,11177,1,CCC1C(C(C(C(=O)C(CC(C(C(C(C(C(=O)O1)C)OC2CC(C(C(O2)C)O)(C)OC)C)OC3C(C(CC(O3)C)N(C)C)O)(C)O)C)C)O)(C)O,CCCCCCCCCCCCCCCCCC(=O)[O-].CCCCCCCCCCCCCCCCCC(=O)[O-].[Mg+2]
3825,11177,1,CC(C1=CC(=CC=C1)C(=O)C2=CC=CC=C2)C(=O)O,CCCCCCCCCCCCCCCCCC(=O)[O-].CCCCCCCCCCCCCCCCCC(=O)[O-].[Mg+2]
104865,14055602,0,CC(C)(C)C1=CC=C(C=C1)S(=O)(=O)NC2=C(C(=NC(=N2)C3=NC=CC=N3)OCCO)OC4=CC=CC=C4OC,COC1C(OC(C(C1O)O)OC2C(OC(C(C2O)O)OC)CO)CO
5362065,6251,0,C=CC1=C(N2C(C(C2=O)NC(=O)C(=NOCC(=O)O)C3=CSC(=N3)N)SC1)C(=O)O,C(C(C(C(C(CO)O)O)O)O)O
6451150,26924,0,C1CN2C(=NN=C2C(F)(F)F)CN1C(=O)CC(CC3=CC(=C(C=C3F)F)F)N.OP(=O)(O)O,O[Si](=O)[O-].O[Si](=O)[O-].[O-][Si](=O)[O-].[O-][Si](=O)[O-].[Mg+2].[Mg+2].[Mg+2]
10176082,1061,1,[OH-].[OH-].[OH-].[Al+3],[O-]P(=O)([O-])[O-]
3715,131751496,1,CC1=C(C2=C(N1C(=O)C3=CC=C(C=C3)Cl)C=CC(=C2)OC)CC(=O)O,C1CC(=O)N(C1)C(CP)P
24812758,11177,0,CC1=C(C=C(C=C1)C2C(C(C(C(O2)CO)O)O)O)CC3=CC=C(S3)C4=CC=C(C=C4)F,CCCCCCCCCCCCCCCCCC(=O)[O-].CCCCCCCCCCCCCCCCCC(=O)[O-].[Mg+2]
4485,26924,0,CC1=C(C(C(=C(N1)C)C(=O)OC)C2=CC=CC=C2[N+](=O)[O-])C(=O)OC,O[Si](=O)[O-].O[Si](=O)[O-].[O-][Si](=O)[O-].[O-][Si](=O)[O-].[Mg+2].[Mg+2].[Mg+2]
163701,11199,0,CCN(CC)C(=O)C1(CC1CN)C2=CC=CC=C2.Cl,C=CO
11363176,174,0,CCCN=C1N(C(=O)C(=CC2=CC(=C(C=C2)OCC(CO)O)Cl)S1)C3=CC=CC=C3C,C(CO)O
753,14915,1,C(C(CO)O)O,O=[Cr](=O)=O
169535,1030,0,CC1=C(C(=O)C=CO1)[O-].CC1=C(C(=O)C=CO1)[O-].CC1=C(C(=O)C=CO1)[O-].[Fe+3],CC(CO)O
24821094,11177,0,C=CC(=O)N1CCCC(C1)N2C3=NC=NC(=C3C(=N2)C4=CC=C(C=C4)OC5=CC=CC=C5)N,CCCCCCCCCCCCCCCCCC(=O)[O-].CCCCCCCCCCCCCCCCCC(=O)[O-].[Mg+2]
14250,9840857,1,CCCCCCCCCCCCCC[N+](C)(C)C.[Br-],C1=CC=C(C=C1)[Hg+].[N+](=O)([O-])[O-]
56959,518696,0,CC1=C(C(=CC=C1)C)NC(=O)CN2CCN(CC2)CC(COC3=CC=CC=C3OC)O,O=[Fe]O[Fe]=O
11990828,11177,0,CN1CCN(CC1)CCCOC2=C(C=C3C(=C2)N=CC(=C3NC4=CC(=C(C=C4Cl)Cl)OC)C#N)OC.O,CCCCCCCCCCCCCCCCCC(=O)[O-].CCCCCCCCCCCCCCCCCC(=O)[O-].[Mg+2]
5639,6134,0,CN1C(=CC(=O)N(C1=O)C)NCCCN2CCN(CC2)C3=CC=CC=C3OC,C(C1C(C(C(C(O1)OC2C(OC(C(C2O)O)O)CO)O)O)O)O
9552079,24462,1,C1=CC(=CC=C1NC(=NC(=NCCCCCCN=C(N)N=C(N)NC2=CC=C(C=C2)Cl)N)N)Cl,[O-]S(=O)(=O)[O-].[Cu+2]
13144,1061,1,CC(C(=O)[O-])O.CC(C(=O)[O-])O.[Ca+2],[O-]P(=O)([O-])[O-]
6014,2723816,0,CC(CN1C2=CC=CC=C2SC3=CC=CC=C31)N(C)C.Cl,CCC(=O)[O-].[Na+]
4908,11177,1,CC(CCCN)NC1=C2C(=CC(=C1)OC)C=CC=N2,CCCCCCCCCCCCCCCCCC(=O)[O-].CCCCCCCCCCCCCCCCCC(=O)[O-].[Mg+2]
3825,6134,1,CC(C1=CC(=CC=C1)C(=O)C2=CC=CC=C2)C(=O)O,C(C1C(C(C(C(O1)OC2C(OC(C(C2O)O)O)CO)O)O)O)O
3007,6134,1,CC(CC1=CC=CC=C1)N,C(C1C(C(C(C(O1)OC2C(OC(C(C2O)O)O)CO)O)O)O)O
447715,26924,0,CCC1C2CC(CCC2(C3CCC4(C(C3C1O)CCC4C(C)CCC(=O)O)C)C)O,O[Si](=O)[O-].O[Si](=O)[O-].[O-][Si](=O)[O-].[O-][Si](=O)[O-].[Mg+2].[Mg+2].[Mg+2]
3599,104938,0,CCCCCCCCCCCCCCCCOP(=O)([O-])OCC[N+](C)(C)C,C(C1C(C(C(C(O1)OC2C(OC(C(C2O)O)O)CO)O)O)O)O.O
24812732,86278134,0,CN(C)CCC(C1=CC=CC2=CC=CC=C21)(C(C3=CC=CC=C3)C4=C(N=C5C=CC(=CC5=C4)Br)OC)O.C(=CC(=O)O)C(=O)O,C(C1C(C(C(C(O1)OC2C(OC(C(C2O)O)OCC3C(C(C(C(O3)OC4C(OC(C(C4O)O)OC5C(OC(C(C5O)O)O)CO)CO)O)O)OC6C(C(C(C(O6)CO)OC7C(C(C(C(O7)CO)O)O)O)O)O)CO)O)O)O)O
2712,3423265,1,CN=C1CN(C(=C2C=C(C=CC2=N1)Cl)C3=CC=CC=C3)O,CCCCCCCCCCCCOS(=O)(=O)[O-].[Na+]
9821849,11177,0,CC(=O)OC1CCC2(C3CCC4(C(C3CC=C2C1)CC=C4C5=CN=CC=C5)C)C,CCCCCCCCCCCCCCCCCC(=O)[O-].CCCCCCCCCCCCCCCCCC(=O)[O-].[Mg+2]
60825,5988,0,C1C(OC(S1)CO)N2C=CC(=NC2=O)N,C(C1C(C(C(C(O1)OC2(C(C(C(O2)CO)O)O)CO)O)O)O)O
208902,123706,0,CCC(=O)NCCC1CCC2=C1C3=C(C=C2)OCC3,CCC(C1=C(C=C(C=C1)N(C)C)C)N
6328154,23931,1,CC(=O)O.C(C(C(C(C(C=O)O)O)O)O)O.[Na],[Hg]
11673085,17730,0,CC1CNCCC2=C1C=C(C=C2)Cl.Cl,C1=CC(=CC=C1N=NC2=C(C=CC3=C2C=CC(=C3)S(=O)(=O)[O-])O)S(=O)(=O)[O-].[Na+].[Na+]
74990,14792,1,CCC1=C2CN3C(=CC4=C(C3=O)COC(=O)C4(CC)O)C2=NC5=C1C=C(C=C5)OC(=O)N6CCC(CC6)N7CCCCC7.Cl,O=[Mg]
4927,6134,1,CC(CN1C2=CC=CC=C2SC3=CC=CC=C31)N(C)C,C(C1C(C(C(C(O1)OC2C(OC(C(C2O)O)O)CO)O)O)O)O
66370,5311498,1,C(C1C(C(C(C(O1)O)O)O)O)O.O,CC1=CC2=C(C=C1C)N(C=N2)C3C(C(C(O3)CO)OP(=O)([O-])OC(C)CNC(=O)CCC4(C(C5C6(C(C(C(=C(C7=NC(=CC8=NC(=C(C4=N5)C)C(C8(C)C)CCC(=O)N)C(C7(C)CC(=O)N)CCC(=O)N)C)[N-]6)CCC(=O)N)(C)CC(=O)N)C)CC(=O)N)C)O.[C-]#N.[Co+3]
60606,11177,1,COC(=O)C(C1=CC=CC=C1Cl)N2CCC3=C(C2)C=CS3,CCCCCCCCCCCCCCCCCC(=O)[O-].CCCCCCCCCCCCCCCCCC(=O)[O-].[Mg+2]
2244,14055602,1,CC(=O)OC1=CC=CC=C1C(=O)O,COC1C(OC(C(C1O)O)OC2C(OC(C(C2O)O)OC)CO)CO
4927,11177,1,CC(CN1C2=CC=CC=C2SC3=CC=CC=C31)N(C)C,CCCCCCCCCCCCCCCCCC(=O)[O-].CCCCCCCCCCCCCCCCCC(=O)[O-].[Mg+2]
2249,131751496,1,CC(C)NCC(COC1=CC=C(C=C1)CC(=O)N)O,C1CC(=O)N(C1)C(CP)P
5281792,6328154,1,C1=CC(=C(C=C1CC(C(=O)O)OC(=O)C=CC2=CC(=C(C=C2)O)O)O)O,CC(=O)O.C(C(C(C(C(C=O)O)O)O)O)O.[Na] 
3559,237332,1,C1CN(CCC1(C2=CC=C(C=C2)Cl)O)CCCC(=O)C3=CC=C(C=C3)F,C1=C(OC(=C1)C=O)CO
44472635,6328154,0,C1CC(NC1CC2=CC=C(C=C2)NC(=O)C3CCC4=NC=CC(=O)N34)C(C5=CC=CC=C5)O,CC(=O)O.C(C(C(C(C(C=O)O)O)O)O)O.[Na]
66860907,174,0,CC1=CC(=C(C=C1)SC2=CC=CC=C2N3CCNCC3)C.Cl,C(CO)O
6055,525,0,CC(CC1=CC=CC=C1)N.CC(CC1=CC=CC=C1)N.OS(=O)(=O)O,C(C(C(=O)O)O)C(=O)O
5311037,518696,0,CCN1C2=C(C(=O)N(C1=O)CC)N(C(=N2)C=CC3=CC(=C(C=C3)OC)OC)C,O=[Fe]O[Fe]=O
15606394,104938,0,CN(C)CC=CC(=O)NC1=C(C=C2C(=C1)C(=NC=N2)NC3=CC(=C(C=C3)F)Cl)OC4CCOC4.C(=CC(=O)O)C(=O)O.C(=CC(=O)O)C(=O)O,C(C1C(C(C(C(O1)OC2C(OC(C(C2O)O)O)CO)O)O)O)O.O
71424,3776,0,CCOC1=CC=CC=C1OCC2CNCCO2.Cl,CC(C)O
4614,7439,0,C1=CC=C(C=C1)C2=C(OC(=N2)CCC(=O)O)C3=CC=CC=C3,CC1=CCC(CC1=O)C(=C)C
5487,6251,0,C1CN=C(N1)NC2=C(C=CC3=NSN=C32)Cl,C(C(C(C(C(CO)O)O)O)O)O
9588170,6917,0,CON=C1CN(CC1CN)C2=C(C=C3C(=O)C(=CN(C3=N2)C4CC4)C(=O)O)F.CS(=O)(=O)O,C=CN1CCCC1=O
42611257,123706,0,CCCS(=O)(=O)NC1=C(C(=C(C=C1)F)C(=O)C2=CNC3=C2C=C(C=N3)C4=CC=C(C=C4)Cl)F,CCC(C1=C(C=C(C=C1)N(C)C)C)N
156418,131751496,0,CC(C1=CC=CC2=CC=CC=C21)NCCCC3=CC(=CC=C3)C(F)(F)F.Cl,C1CC(=O)N(C1)C(CP)P
86707828,6328154,0,CC1=CC=C(C=C1)S(=O)(=O)O.CC(C)OC1=C(C=C(C=C1)C2=NN(C3=NC=NC(=C23)N)C(C)C4=C(C(=O)C5=C(O4)C=CC(=C5)F)C6=CC(=CC=C6)F)F,CC(=O)O.C(C(C(C(C(C=O)O)O)O)O)O.[Na]
135413536,3423265,0,CC(C1=CC(=CC(=C1)C(F)(F)F)C(F)(F)F)OC2C(N(CCO2)CC3=NNC(=O)N3)C4=CC=C(C=C4)F,CCCCCCCCCCCCOS(=O)(=O)[O-].[Na+]
9875401,11199,0,C1COCC(=O)N1C2=CC=C(C=C2)N3CC(OC3=O)CNC(=O)C4=CC=C(S4)Cl,C=CO
637568,14055602,0,COC(=O)C=CC(=O)OC,COC1C(OC(C(C1O)O)OC2C(OC(C(C2O)O)OC)CO)CO
3784,6917,0,CC1=C(C(C(=C(N1)C)C(=O)OC(C)C)C2=CC=CC3=NON=C32)C(=O)OC,C=CN1CCCC1=O
6328154,5359268,1,CC(=O)O.C(C(C(C(C(C=O)O)O)O)O)O.[Na],[Al]
3715,104805,1,CC1=C(C2=C(N1C(=O)C3=CC=C(C=C3)Cl)C=CC(=C2)OC)CC(=O)O,O.O.OP(=O)([O-])[O-].[Ca+2]
6084,6328154,0,COC1=C(C=C(C=C1)CC2=NC=CC3=CC(=C(C=C32)OC)OC)OC.Cl,CC(=O)O.C(C(C(C(C(C=O)O)O)O)O)O.[Na]
135398513,6134,1,C1=NC2=C(N1COCCO)N=C(NC2=O)N,C(C1C(C(C(C(O1)OC2C(OC(C(C2O)O)O)CO)O)O)O)O
10288191,23320441,0,CN1C=NC2=C1C=C(C(=C2F)NC3=C(C=C(C=C3)Br)F)C(=O)NOCCO,O.[OH-].[O-2].[Fe+3]
181458,6328154,0,CC12CC3CC(C1)(CC(C3)(C2)N)C.Cl,CC(=O)O.C(C(C(C(C(C=O)O)O)O)O)O.[Na]
14985,27284,1,CC1=C(C2=C(CCC(O2)(C)CCCC(C)CCCC(C)CCCC(C)C)C(=C1O)C)C,[Fe+2]
3825,114690,1,CC(C1=CC(=CC=C1)C(=O)C2=CC=CC=C2)C(=O)O,CCCCCCCCCCCCCCCCCC(=O)O.CCCCCCCCCCCCCCCC(=O)O.C(C(CO)O)O
243,56841936,1,C1=CC=C(C=C1)C(=O)O,O.O.O=[Al]O[Si](=O)O[Si](=O)O[Al]=O
3825,131751496,1,CC(C1=CC(=CC=C1)C(=O)C2=CC=CC=C2)C(=O)O,C1CC(=O)N(C1)C(CP)P
7628,5462222,1,B(O)(O)O,[K]
4168,24832091,0,CCN(CC)CCNC(=O)C1=CC(=C(C=C1OC)N)Cl,CCOCC1C(C(C(C(O1)OC)OCC)OCC)OC2C(C(C(C(O2)CO)OC)O)O
3033,71853,1,C1=CC=C(C(=C1)CC(=O)O)NC2=C(C=CC=C2Cl)Cl,COC(=O)NC1C(C(C(OC1OC2C(OC(C(C2O)N)OC3C(OC(C(C3O)N)O)CO)CO)CO)OC4C(C(C(C(O4)CO)OC5C(C(C(C(O5)CO)OC6C(C(C(C(O6)CO)OC7C(C(C(C(O7)CO)OC8C(C(C(C(O8)CO)OC9C(C(C(C(O9)CO)O)O)N)O)N)O)N)O)N)O)N)O)N)O
216457,24832095,0,C1CN2CCC1C(C2)OC(=O)N3CCC4=CC=CC=C4C3C5=CC=CC=C5.C(CC(=O)O)C(=O)O,CC(COCC1C(C(C(C(O1)OC)OCC(C)O)OCC(C)O)OC2C(C(C(C(O2)COC)OC3C(C(C(C(O3)CO)OC)O)O)OC)OC)O
8753,784,1,CCCCCCCCCCCC[N+](C)(C)CC1=CC=CC=C1.[Cl-],OO
3825,14055602,1,CC(C1=CC(=CC=C1)C(=O)C2=CC=CC=C2)C(=O)O,COC1C(OC(C(C1O)O)OC2C(OC(C(C2O)O)OC)CO)CO
406563,24748,0,CC1=CC=C(C=C1)S(=O)(=O)O.CNC(=O)C1=NC=CC(=C1)OC2=CC=C(C=C2)NC(=O)NC3=CC(=C(C=C3)Cl)C(F)(F)F,CC(=O)O.C(C(C(C(C(C=O)O)O)O)O)O
110635,6328154,0,CN1CC(=O)N2C(C1=O)CC3=C(C2C4=CC5=C(C=C4)OCO5)NC6=CC=CC=C36,CC(=O)O.C(C(C(C(C(C=O)O)O)O)O)O.[Na]
2249,311,1,CC(C)NCC(COC1=CC=C(C=C1)CC(=O)N)O,C(C(=O)O)C(CC(=O)O)(C(=O)O)O
11304743,3423265,0,CN(C1=C(N=C(N=C1N)C2=NN(C3=C2C=CC=N3)CC4=CC=CC=C4F)N)C(=O)OC,CCCCCCCCCCCCOS(=O)(=O)[O-].[Na+]
8753,24832095,1,CCCCCCCCCCCC[N+](C)(C)CC1=CC=CC=C1.[Cl-],CC(COCC1C(C(C(C(O1)OC)OCC(C)O)OCC(C)O)OC2C(C(C(C(O2)COC)OC3C(C(C(C(O3)CO)OC)O)O)OC)OC)O
3036505,14055602,0,C1=CC=C(C=C1)C(=C(C2=CC=CC=C2)C3=CC=C(C=C3)OCCO)CCCl,COC1C(OC(C(C1O)O)OC2C(OC(C(C2O)O)OC)CO)CO
6850754,24823,1,COC1C(C(C(OC1C(=O)O)OC2C(C(C(OC2C(=O)O)OC)O)O)O)O,[O-][O+]=O
15008962,11177,0,COC1=C(C(=NC=C1)CS(=O)C2=NC3=C([N-]2)C=CC(=C3)OC(F)F)OC.[Na+],CCCCCCCCCCCCCCCCCC(=O)[O-].CCCCCCCCCCCCCCCCCC(=O)[O-].[Mg+2]
121494085,11177,0,C(C1C(C(C(C(O1)OC2(C(C(C(O2)COS(=O)(=O)O[Al])OS(=O)(=O)O[Al])OS(=O)(=O)O[Al])COS(=O)(=O)O[Al])OS(=O)(=O)O[Al])OS(=O)(=O)O[Al])OS(=O)(=O)O[Al])OS(=O)(=O)O[Al].O.O.O.O.O.O.O.O.O.O.O.O.O.O.O.O.O.O.O.O.[Al],CCCCCCCCCCCCCCCCCC(=O)[O-].CCCCCCCCCCCCCCCCCC(=O)[O-].[Mg+2]
66370,23663939,1,C(C1C(C(C(C(O1)O)O)O)O)O.O,CC1=C(C=CC2=C1OC(=O)C(=C2[O-])NC(=O)C3=CC(=C(C=C3)O)CC=C(C)C)OC4C(C(C(C(O4)(C)C)OC)OC(=O)N)O.[Na+]
10158453,14055602,0,CC(=O)OC1=CC2=C(S1)CCN(C2)C(C3=CC=CC=C3F)C(=O)C4CC4.Cl,COC1C(OC(C(C1O)O)OC2C(OC(C(C2O)O)OC)CO)CO
67505836,11177,0,CC(C)C(C(=O)N1CC2(CC2)CC1C3=NC=C(N3)C4=CC5=C(C=C4)C6=C(C5(F)F)C=C(C=C6)C7=CC8=C(C=C7)N=C(N8)C9C1CCC(C1)N9C(=O)C(C(C)C)NC(=O)OC)NC(=O)OC,CCCCCCCCCCCCCCCCCC(=O)[O-].CCCCCCCCCCCCCCCCCC(=O)[O-].[Mg+2]
11561674,11177,0,CCOC1=C(C=CC(=C1)C(CS(=O)(=O)C)N2C(=O)C3=C(C2=O)C(=CC=C3)NC(=O)C)OC,CCCCCCCCCCCCCCCCCC(=O)[O-].CCCCCCCCCCCCCCCCCC(=O)[O-].[Mg+2]
119607,11177,0,CC1=C(C(=NO1)C2=CC=CC=C2)C3=CC=C(C=C3)S(=O)(=O)N,CCCCCCCCCCCCCCCCCC(=O)[O-].CCCCCCCCCCCCCCCCCC(=O)[O-].[Mg+2]
3955,155491311,1,CN(C)C(=O)C(CCN1CCC(CC1)(C2=CC=C(C=C2)Cl)O)(C3=CC=CC=C3)C4=CC=CC=C4,O.O.O.O.[OH-].[O-2].[O-2].[O-2].[O-2].[O-2].[O-2].[O-2].[O-2].[O-2].[O-2].[Mg+2].[Al+3].[Si].[Si].[Si].[Si]
3825,985,1,CC(C1=CC(=CC=C1)C(=O)C2=CC=CC=C2)C(=O)O,CCCCCCCCCCCCCCCC(=O)O
9552079,5959,1,C1=CC(=CC=C1NC(=NC(=NCCCCCCN=C(N)N=C(N)NC2=CC=C(C=C2)Cl)N)N)Cl,C1=CC(=CC=C1C(C(CO)NC(=O)C(Cl)Cl)O)[N+](=O)[O-]
129893883,25517,1,CC1(C2=CC=CC=C2[N+](=C1C=CC3=C(C(=CC=C4C(C5=CC=CC=C5N4C)(C)C)CCC3)C6=CC=CC=C6)C)C.OCl(=O)(=O)=O,[NH4+].[Cl-]
135401907,6251,0,C1=NNC2=C1C(=O)NC=N2,C(C(C(C(C(CO)O)O)O)O)O
53393742,72941614,1,C[N+]1=C2C=C(C=CC2=CC3=C1C=C(C=C3)N)N.C1=CC(=CC2=NC3=C(C=CC(=C3)N)C=C21)N.Cl.Cl.Cl.[Cl-],O.[O-2].[O-2].[O-2].[O-2].[O-2].[O-2].[O-2].[O-2].[O-2].[O-2].[O-2].[O-2].[Na+].[Na+].[Al+3].[Al+3].[Si+4].[Si+4].[Si+4].[Si+4]
9552079,133126842,1,C1=CC(=CC=C1NC(=NC(=NCCCCCCN=C(N)N=C(N)NC2=CC=C(C=C2)Cl)N)N)Cl,C1(C(C(OC(C1O)O)C(=O)[O-])O)O.[Na+]
4771,712,1,CC(C)(CC1=CC=CC=C1)N,C=O
3825,174,1,CC(C1=CC(=CC=C1)C(=O)C2=CC=CC=C2)C(=O)O,C(CO)O
25008120,56841934,0,CC1(C(=O)N(C2=C(O1)C=CC(=N2)NC3=NC(=NC=C3F)NC4=CC(=C(C(=C4)OC)OC)OC)COP(=O)([O-])[O-])C.[Na+].[Na+],O.O.O.[Fe].[Fe]
71412,26924,0,CC(CCC1=CC=CC=C1)NCC(C2=CC(=C(C=C2)O)C(=O)N)O.Cl,O[Si](=O)[O-].O[Si](=O)[O-].[O-][Si](=O)[O-].[O-][Si](=O)[O-].[Mg+2].[Mg+2].[Mg+2]
158550,26042,0,CC(C)(C)C(C(=O)NC(CC1=CC=CC=C1)C(CN(CC2=CC=C(C=C2)C3=CC=CC=N3)NC(=O)C(C(C)(C)C)NC(=O)OC)O)NC(=O)OC.OS(=O)(=O)O,O=[Ti]=O
2345,14797,1,C1=CC=C(C=C1)COC(=O)C2=CC=CC=C2,[OH-].[K+]
11167602,14055602,0,CNC(=O)C1=NC=CC(=C1)OC2=CC(=C(C=C2)NC(=O)NC3=CC(=C(C=C3)Cl)C(F)(F)F)F,COC1C(OC(C(C1O)O)OC2C(OC(C(C2O)O)OC)CO)CO
5359227,1732,1,CN1CCC23C4C1CC5=C2C(=C(C=C5)OC)OC3C(C=C4)O.OP(=O)(O)O,CC1=C(C=CC(=C1)O)Cl
5281040,14055602,0,CC(C)(C1=CC=CC=C1CCC(C2=CC=CC(=C2)C=CC3=NC4=C(C=CC(=C4)Cl)C=C3)SCC5(CC5)CC(=O)O)O,COC1C(OC(C(C1O)O)OC2C(OC(C(C2O)O)OC)CO)CO
1727,11177,0,C1=CN=CC=C1N,CCCCCCCCCCCCCCCCCC(=O)[O-].CCCCCCCCCCCCCCCCCC(=O)[O-].[Mg+2]
6918493,6328154,0,CC1=CC(=NC(=N1)OC(C(=O)O)C(C2=CC=CC=C2)(C3=CC=CC=C3)OC)C,CC(=O)O.C(C(C(C(C(C=O)O)O)O)O)O.[Na]
24970412,26042,0,CNCC(C(C(C(CO)O)O)O)O.C1=CC2=C(C=C1C(=O)O)OC(=N2)C3=CC(=CC(=C3)Cl)Cl,O=[Ti]=O
176871,104938,0,COCCOC1=C(C=C2C(=C1)C(=NC=N2)NC3=CC=CC(=C3)C#C)OCCOC.Cl,C(C1C(C(C(C(O1)OC2C(OC(C(C2O)O)O)CO)O)O)O)O.O
10174505,5541,0,CC1CCN(CC1N(C)C2=NC=NC3=C2C=CN3)C(=O)CC#N.C(C(=O)O)C(CC(=O)O)(C(=O)O)O,CC(=O)OCC(COC(=O)C)OC(=O)C
493570,155491311,1,CC1=CC2=C(C=C1C)N(C3=NC(=O)NC(=O)C3=N2)CC(C(C(CO)O)O)O,O.O.O.O.[OH-].[O-2].[O-2].[O-2].[O-2].[O-2].[O-2].[O-2].[O-2].[O-2].[O-2].[Mg+2].[Al+3].[Si].[Si].[Si].[Si]
62698,24823,1,C(C1C(C(C(C(O1)OC2C(OC(C(C2O)O)OC3C(OC(C(C3O)O)O)CO)CO)O)O)O)O,[O-][O+]=O
5280443,11177,1,C1=CC(=CC=C1C2=CC(=O)C3=C(C=C(C=C3O2)O)O)O,CCCCCCCCCCCCCCCCCC(=O)[O-].CCCCCCCCCCCCCCCCCC(=O)[O-].[Mg+2]
54681908,26924,0,CN(C)C1C2CC3CC4=C(C=CC(=C4C(=C3C(=O)C2(C(=C(C1=O)C(=O)N)O)O)O)O)CN(C)OC,O[Si](=O)[O-].O[Si](=O)[O-].[O-][Si](=O)[O-].[O-][Si](=O)[O-].[Mg+2].[Mg+2].[Mg+2]
14250,14798,1,CCCCCCCCCCCCCC[N+](C)(C)C.[Br-],[OH-].[Na+]
8753,3806114,1,CCCCCCCCCCCC[N+](C)(C)CC1=CC=CC=C1.[Cl-],C(C(C(=O)[O-])O)(C(=O)[O-])O
15951529,8456,0,CC1(C(=O)N(C(=S)N1C2=CC(=C(C=C2)C(=O)NC)F)C3=CC(=C(C=C3)C#N)C(F)(F)F)C,CC(C)(C)C1=C(C=CC(=C1)OC)O
6014,19700,0,CC(CN1C2=CC=CC=C2SC3=CC=CC=C31)N(C)C.Cl,CCN(CC1=CC(=CC=C1)S(=O)(=O)[O-])C2=CC=C(C=C2)C(=C3C=CC(=[N+](CC)CC4=CC(=CC=C4)S(=O)(=O)[O-])C=C3)C5=CC=CC=C5S(=O)(=O)[O-].[Na+].[Na+]
41774,11177,1,CC1C(C(C(C(O1)OC2C(OC(C(C2O)O)OC3C(OC(C(C3O)O)O)CO)CO)O)O)NC4C=C(C(C(C4O)O)O)CO,CCCCCCCCCCCCCCCCCC(=O)[O-].CCCCCCCCCCCCCCCCCC(=O)[O-].[Mg+2]
135449331,26042,0,CC1=C(C=C(C=C1)N2C(=O)C(=C(N2)C)N=NC3=CC=CC(=C3O)C4=CC(=CC=C4)C(=O)O)C.C(CO)N.C(CO)N,O=[Ti]=O
2345,24823,1,C1=CC=C(C=C1)COC(=O)C2=CC=CC=C2,[O-][O+]=O
54675850,8753,1,C1=CC=C(C(=C1)C(=O)O)[O-],CCCCCCCCCCCC[N+](C)(C)CC1=CC=CC=C1.[Cl-]
5833,11177,1,CC(=O)SC1CC2=CC(=O)CCC2(C3C1C4CCC5(C4(CC3)C)CCC(=O)O5)C,CCCCCCCCCCCCCCCCCC(=O)[O-].CCCCCCCCCCCCCCCCCC(=O)[O-].[Mg+2]
14985,29936,1,CC1=C(C2=C(CCC(O2)(C)CCCC(C)CCCC(C)CCCC(C)C)C(=C1O)C)C,[Fe+3]
656631,6251,0,CN1CCCC1CC2=CNC3=C2C=C(C=C3)CCS(=O)(=O)C4=CC=CC=C4.Br,C(C(C(C(C(CO)O)O)O)O)O
44232548,26924,0,CC(C)C1=NC(=CS1)CN(C)C(=O)NC(CCN2CCOCC2)C(=O)NC(CCC(CC3=CC=CC=C3)NC(=O)OCC4=CN=CS4)CC5=CC=CC=C5.CC(C)C(CO)N1C=C(C(=O)C2=C1C=C(C(=C2)CC3=C(C(=CC=C3)Cl)F)OC)C(=O)O.CC(C)OC(=O)OCOP(=O)(COC(C)CN1C=NC2=C(N=CN=C21)N)OCOC(=O)OC(C)C.C1C(OC(S1)CO)N2C=C(C(=NC2=O)N)F.C(=CC(=O)O)C(=O)O,O[Si](=O)[O-].O[Si](=O)[O-].[O-][Si](=O)[O-].[O-][Si](=O)[O-].[Mg+2].[Mg+2].[Mg+2]
14250,72941614,1,CCCCCCCCCCCCCC[N+](C)(C)C.[Br-],O.[O-2].[O-2].[O-2].[O-2].[O-2].[O-2].[O-2].[O-2].[O-2].[O-2].[O-2].[O-2].[Na+].[Na+].[Al+3].[Al+3].[Si+4].[Si+4].[Si+4].[Si+4]
