API_CID,API_Smiles,MolWt,MolLogP,TPSA,NumHDonors,NumHAcceptors,NumRotatableBonds,NumAromaticRings,RingCount,FractionCSP3,HeavyAtomCount,fr_NH2,fr_NH1,fr_ester,fr_amide,fr_aldehyde,fr_ketone,fr_phenol,fr_ether,fr_epoxide,fr_halogen,fr_COO
196,C(CCC(=O)O)CC(=O)O,146.142,0.716,74.6,2.0,2.0,5.0,0.0,0.0,0.6666667,10.0,0.0,0.0,0.0,0.0,0.0,0.0,0.0,0.0,0.0,0.0,2.0
243,C1=CC=C(C=C1)C(=O)O,122.123,1.3848,37.3,1.0,1.0,1.0,1.0,1.0,0.0,9.0,0.0,0.0,0.0,0.0,0.0,0.0,0.0,0.0,0.0,0.0,1.0
244,C1=CC=C(C=C1)CO,108.14,1.1789,20.23,1.0,1.0,1.0,1.0,1.0,0.14285715,8.0,0.0,0.0,0.0,0.0,0.0,0.0,0.0,0.0,0.0,0.0,0.0
305,C[N+](C)(C)CCO,104.173,-0.3151,20.23,1.0,1.0,2.0,0.0,0.0,1.0,7.0,0.0,0.0,0.0,0.0,0.0,0.0,0.0,0.0,0.0,0.0,0.0
753,C(C(CO)O)O,92.094,-1.6681,60.69,3.0,3.0,2.0,0.0,0.0,1.0,6.0,0.0,0.0,0.0,0.0,0.0,0.0,0.0,0.0,0.0,0.0,0.0
1103,C(CCNCCCN)CNCCCN,202.346,-0.3566,76.1,4.0,4.0,11.0,0.0,0.0,1.0,14.0,2.0,2.0,0.0,0.0,0.0,0.0,0.0,0.0,0.0,0.0,0.0
1727,C1=CN=CC=C1N,94.117,0.6638,38.91,1.0,2.0,0.0,1.0,1.0,0.0,7.0,1.0,0.0,0.0,0.0,0.0,0.0,0.0,0.0,0.0,0.0,0.0
1775,C1=CC=C(C=C1)C2(C(=O)NC(=O)N2)C3=CC=CC=C3,252.273,1.7696,58.2,2.0,2.0,2.0,2.0,3.0,0.06666667,19.0,0.0,2.0,0.0,3.0,0.0,0.0,0.0,0.0,0.0,0.0,0.0
1983,CC(=O)NC1=CC=C(C=C1)O,151.165,1.3506,49.33,2.0,2.0,1.0,1.0,1.0,0.125,11.0,0.0,1.0,0.0,1.0,0.0,0.0,1.0,0.0,0.0,0.0,0.0
2082,CCCSC1=CC2=C(C=C1)N=C(N2)NC(=O)OC,265.338,3.2433,67.01,2.0,4.0,4.0,2.0,2.0,0.33333334,18.0,0.0,2.0,0.0,1.0,0.0,0.0,0.0,1.0,0.0,0.0,0.0
2083,CC(C)(C)NCC(C1=CC(=C(C=C1)O)CO)O,239.315,1.306,72.72,4.0,4.0,4.0,1.0,1.0,0.53846157,17.0,0.0,1.0,0.0,0.0,0.0,0.0,1.0,0.0,0.0,0.0,0.0
2130,C1C2CC3CC1CC(C2)(C3)N,151.253,1.9139,26.02,1.0,1.0,0.0,0.0,4.0,1.0,11.0,1.0,0.0,0.0,0.0,0.0,0.0,0.0,0.0,0.0,0.0,0.0
2132,C1CC(CCC1NCC2=C(C(=CC(=C2)Br)Br)N)O,378.108,3.1869,58.28,3.0,3.0,3.0,1.0,2.0,0.53846157,18.0,1.0,1.0,0.0,0.0,0.0,0.0,0.0,0.0,0.0,2.0,0.0
2162,CCOC(=O)C1=C(NC(=C(C1C2=CC=CC=C2Cl)C(=O)OC)C)COCCN,408.882,2.2663,99.88,2.0,7.0,8.0,1.0,2.0,0.4,28.0,1.0,1.0,2.0,0.0,0.0,0.0,0.0,3.0,0.0,1.0,0.0
2244,CC(=O)OC1=CC=CC=C1C(=O)O,180.159,1.3101,63.6,1.0,3.0,2.0,1.0,1.0,0.11111111,13.0,0.0,0.0,1.0,0.0,0.0,0.0,0.0,1.0,0.0,0.0,1.0
2249,CC(C)NCC(COC1=CC=C(C=C1)CC(=O)N)O,266.341,0.4521,84.58,3.0,4.0,8.0,1.0,1.0,0.5,19.0,1.0,1.0,0.0,1.0,0.0,0.0,0.0,1.0,0.0,0.0,0.0
2284,C1=CC(=CC=C1C(CC(=O)O)CN)Cl,213.664,1.857,63.32,2.0,2.0,4.0,1.0,1.0,0.3,14.0,1.0,0.0,0.0,0.0,0.0,0.0,0.0,0.0,0.0,1.0,1.0
2345,C1=CC=C(C=C1)COC(=O)C2=CC=CC=C2,212.248,3.0436,26.3,0.0,2.0,3.0,2.0,2.0,0.071428575,16.0,0.0,0.0,1.0,0.0,0.0,0.0,0.0,1.0,0.0,0.0,0.0
2369,CC(C)NCC(COC1=CC=C(C=C1)CCOCC2CC2)O,307.434,2.3934,50.72,2.0,4.0,11.0,1.0,2.0,0.6666667,22.0,0.0,1.0,0.0,0.0,0.0,0.0,0.0,2.0,0.0,0.0,0.0
2450,C(C(CO)([N+](=O)[O-])Br)O,199.988,-0.6611,83.6,2.0,4.0,3.0,0.0,0.0,1.0,9.0,0.0,0.0,0.0,0.0,0.0,0.0,0.0,0.0,0.0,1.0,0.0
2678,C1CN(CCN1CCOCC(=O)O)C(C2=CC=CC=C2)C3=CC=C(C=C3)Cl,388.895,3.1482,53.01,1.0,4.0,8.0,2.0,3.0,0.3809524,27.0,0.0,0.0,0.0,0.0,0.0,0.0,0.0,1.0,0.0,1.0,1.0
2712,CN=C1CN(C(=C2C=C(C=CC2=N1)Cl)C3=CC=CC=C3)O,299.761,1.8492,48.19,1.0,3.0,1.0,2.0,3.0,0.125,21.0,0.0,0.0,0.0,0.0,0.0,0.0,0.0,0.0,0.0,1.0,0.0
2723,CC1=CC(=CC(=C1Cl)C)O,156.612,2.66244,20.23,1.0,1.0,0.0,1.0,1.0,0.25,10.0,0.0,0.0,0.0,0.0,0.0,0.0,1.0,0.0,0.0,1.0,0.0
2726,CN(C)CCCN1C2=CC=CC=C2SC3=C1C=C(C=C3)Cl,318.873,4.8944,6.48,0.0,3.0,4.0,2.0,3.0,0.29411766,21.0,0.0,0.0,0.0,0.0,0.0,0.0,0.0,0.0,0.0,1.0,0.0
2727,CCCNC(=O)NS(=O)(=O)C1=CC=C(C=C1)Cl,276.745,1.7379,75.27,2.0,3.0,4.0,1.0,1.0,0.3,17.0,0.0,2.0,0.0,2.0,0.0,0.0,0.0,0.0,0.0,1.0,0.0
2756,CC1=C(N=CN1)CSCCNC(=NC)NC#N,252.347,0.5974,88.89,3.0,4.0,5.0,1.0,1.0,0.5,17.0,0.0,3.0,0.0,0.0,0.0,0.0,0.0,0.0,0.0,0.0,0.0
2764,C1CC1N2C=C(C(=O)C3=CC(=C(C=C32)N4CCNCC4)F)C(=O)O,331.347,1.5833,74.57,2.0,4.0,3.0,2.0,4.0,0.4117647,24.0,0.0,1.0,0.0,0.0,0.0,0.0,0.0,0.0,0.0,1.0,1.0
2783,CC(C)(C)NCC(C1=CC(=C(C(=C1)Cl)N)Cl)O,277.195,2.9971,58.28,3.0,3.0,3.0,1.0,1.0,0.5,17.0,1.0,1.0,0.0,0.0,0.0,0.0,0.0,0.0,0.0,2.0,0.0
2789,CN1C(=O)CC(=O)N(C2=C1C=CC(=C2)Cl)C3=CC=CC=C3,300.745,3.3712,40.62,0.0,2.0,1.0,2.0,3.0,0.125,21.0,0.0,0.0,0.0,2.0,0.0,0.0,0.0,0.0,0.0,1.0,0.0
2802,C1C(=O)NC2=C(C=C(C=C2)[N+](=O)[O-])C(=N1)C3=CC=CC=C3Cl,315.716,3.0377,84.6,1.0,4.0,2.0,2.0,3.0,0.06666667,22.0,0.0,1.0,0.0,1.0,0.0,0.0,0.0,0.0,0.0,1.0,0.0
2972,CC1=C(C(=O)C=CN1C)O,139.154,0.39932,42.23,1.0,2.0,0.0,1.0,1.0,0.2857143,10.0,0.0,0.0,0.0,0.0,0.0,0.0,0.0,0.0,0.0,0.0,0.0
3007,CC(CC1=CC=CC=C1)N,135.21,1.5763,26.02,1.0,1.0,2.0,1.0,1.0,0.33333334,10.0,1.0,0.0,0.0,0.0,0.0,0.0,0.0,0.0,0.0,0.0,0.0
3026,CCCCOC(=O)C1=CC=CC=C1C(=O)OCCCC,278.348,3.6004,52.6,0.0,4.0,8.0,1.0,1.0,0.5,20.0,0.0,0.0,2.0,0.0,0.0,0.0,0.0,2.0,0.0,0.0,0.0
3033,C1=CC=C(C(=C1)CC(=O)O)NC2=C(C=CC=C2Cl)Cl,296.153,4.3641,49.33,2.0,2.0,4.0,2.0,2.0,0.071428575,19.0,0.0,1.0,0.0,0.0,0.0,0.0,0.0,0.0,0.0,2.0,1.0
3059,C1=CC(=C(C=C1C2=C(C=C(C=C2)F)F)C(=O)O)O,250.2,3.0356,57.53,2.0,2.0,2.0,2.0,2.0,0.0,18.0,0.0,0.0,0.0,0.0,0.0,0.0,1.0,0.0,0.0,2.0,1.0
3151,C1CN(CCC1N2C3=C(C=C(C=C3)Cl)NC2=O)CCCN4C5=CC=CC=C5NC4=O,425.92,3.3532,78.82,2.0,3.0,5.0,4.0,5.0,0.36363637,30.0,0.0,2.0,0.0,0.0,0.0,0.0,0.0,0.0,0.0,1.0,0.0
3162,CC(C1=CC=CC=C1)(C2=CC=CC=N2)OCCN(C)C,270.376,2.9233,25.36,0.0,3.0,6.0,2.0,2.0,0.3529412,20.0,0.0,0.0,0.0,0.0,0.0,0.0,0.0,1.0,0.0,0.0,0.0
3278,CCC(=C)C(=O)C1=C(C(=C(C=C1)OCC(=O)O)Cl)Cl,303.141,3.6057,63.6,1.0,3.0,6.0,1.0,1.0,0.23076923,19.0,0.0,0.0,0.0,0.0,0.0,1.0,0.0,1.0,0.0,2.0,1.0
3308,CCC1=C2C(=CC=C1)C3=C(N2)C(OCC3)(CC)CC(=O)O,287.359,3.383,62.32,2.0,2.0,4.0,2.0,3.0,0.47058824,21.0,0.0,1.0,0.0,0.0,0.0,0.0,0.0,1.0,0.0,0.0,1.0
3333,CCOC(=O)C1=C(NC(=C(C1C2=C(C(=CC=C2)Cl)Cl)C(=O)OC)C)C,384.259,3.9643,64.63,1.0,5.0,4.0,1.0,2.0,0.33333334,25.0,0.0,1.0,2.0,0.0,0.0,0.0,0.0,2.0,0.0,2.0,0.0
3365,C1=CC(=C(C=C1F)F)C(CN2C=NC=N2)(CN3C=NC=N3)O,306.276,0.7358,81.65,1.0,5.0,5.0,3.0,3.0,0.23076923,22.0,0.0,0.0,0.0,0.0,0.0,0.0,0.0,0.0,0.0,2.0,0.0
3386,CNCCC(C1=CC=CC=C1)OC2=CC=C(C=C2)C(F)(F)F,309.331,4.435,21.26,1.0,2.0,6.0,2.0,2.0,0.29411766,22.0,0.0,1.0,0.0,0.0,0.0,0.0,0.0,1.0,0.0,3.0,0.0
3475,CC1=CC=C(C=C1)S(=O)(=O)NC(=O)NN2CC3CCCC3C2,323.418,1.62982,78.51,2.0,4.0,3.0,1.0,3.0,0.53333336,22.0,0.0,2.0,0.0,2.0,0.0,0.0,0.0,0.0,0.0,0.0,0.0
3476,CCC1=C(CN(C1=O)C(=O)NCCC2=CC=C(C=C2)S(=O)(=O)NC(=O)NC3CCC(CC3)C)C,490.626,3.074,124.68,3.0,5.0,7.0,1.0,3.0,0.5416667,34.0,0.0,3.0,0.0,5.0,0.0,0.0,0.0,0.0,0.0,0.0,0.0
3478,CC1=CN=C(C=N1)C(=O)NCCC2=CC=C(C=C2)S(=O)(=O)NC(=O)NC3CCCCC3,445.545,2.07812,130.15,3.0,6.0,7.0,2.0,3.0,0.42857143,31.0,0.0,3.0,0.0,3.0,0.0,0.0,0.0,0.0,0.0,0.0,0.0
3488,COC1=C(C=C(C=C1)Cl)C(=O)NCCC2=CC=C(C=C2)S(=O)(=O)NC(=O)NC3CCCCC3,494.013,3.6417,113.6,3.0,5.0,8.0,2.0,3.0,0.39130434,33.0,0.0,3.0,0.0,3.0,0.0,0.0,0.0,1.0,0.0,1.0,0.0
3559,C1CN(CCC1(C2=CC=C(C=C2)Cl)O)CCCC(=O)C3=CC=C(C=C3)F,375.871,4.4256,40.54,1.0,3.0,6.0,2.0,3.0,0.3809524,26.0,0.0,0.0,0.0,0.0,0.0,1.0,0.0,0.0,0.0,2.0,0.0
3599,CCCCCCCCCCCCCCCCOP(=O)([O-])OCC[N+](C)(C)C,407.576,5.6755,58.59,0.0,4.0,20.0,0.0,0.0,1.0,27.0,0.0,0.0,0.0,0.0,0.0,0.0,0.0,0.0,0.0,0.0,0.0
3639,C1NC2=CC(=C(C=C2S(=O)(=O)N1)S(=O)(=O)N)Cl,297.745,-0.3513,118.36,3.0,5.0,1.0,1.0,2.0,0.14285715,17.0,1.0,2.0,0.0,0.0,0.0,0.0,0.0,0.0,0.0,1.0,0.0
3672,CC(C)CC1=CC=C(C=C1)C(C)C(=O)O,206.285,3.0732,37.3,1.0,1.0,4.0,1.0,1.0,0.46153846,15.0,0.0,0.0,0.0,0.0,0.0,0.0,0.0,0.0,0.0,0.0,1.0
3715,CC1=C(C2=C(N1C(=O)C3=CC=C(C=C3)Cl)C=CC(=C2)OC)CC(=O)O,357.793,3.92732,68.53,1.0,3.0,4.0,3.0,3.0,0.15789473,25.0,0.0,0.0,0.0,0.0,0.0,0.0,0.0,1.0,0.0,1.0,1.0
3749,CCCCC1=NC2(CCCC2)C(=O)N1CC3=CC=C(C=C3)C4=CC=CC=C4C5=NNN=N5,428.54,4.7774,87.13,1.0,5.0,7.0,3.0,5.0,0.4,32.0,0.0,1.0,0.0,1.0,0.0,0.0,0.0,0.0,0.0,0.0,0.0
3784,CC1=C(C(C(=C(N1)C)C(=O)OC(C)C)C2=CC=CC3=NON=C32)C(=O)OC,371.393,2.5822,103.55,1.0,8.0,4.0,2.0,3.0,0.36842105,27.0,0.0,1.0,2.0,0.0,0.0,0.0,0.0,2.0,0.0,0.0,0.0
3825,CC(C1=CC(=CC=C1)C(=O)C2=CC=CC=C2)C(=O)O,254.285,3.1057,54.37,1.0,2.0,4.0,2.0,2.0,0.125,19.0,0.0,0.0,0.0,0.0,0.0,1.0,0.0,0.0,0.0,0.0,1.0
3883,CC1=C(C=CN=C1CS(=O)C2=NC3=CC=CC=C3N2)OCC(F)(F)F,369.368,3.51522,67.87,1.0,4.0,5.0,3.0,3.0,0.25,25.0,0.0,1.0,0.0,0.0,0.0,0.0,0.0,1.0,0.0,3.0,0.0
3884,CC(=CCC1=C(C2=CC=CC=C2C(=O)C1=O)O)C,242.274,3.0774,54.37,1.0,3.0,2.0,1.0,2.0,0.2,18.0,0.0,0.0,0.0,0.0,0.0,2.0,0.0,0.0,0.0,0.0,0.0
3885,CC1(CCC2=C(O1)C3=CC=CC=C3C(=O)C2=O)C,242.274,2.7521,43.37,0.0,3.0,0.0,1.0,3.0,0.33333334,18.0,0.0,0.0,0.0,0.0,0.0,2.0,0.0,1.0,0.0,0.0,0.0
3955,CN(C)C(=O)C(CCN1CCC(CC1)(C2=CC=C(C=C2)Cl)O)(C3=CC=CC=C3)C4=CC=CC=C4,477.048,5.088,43.78,1.0,3.0,7.0,3.0,4.0,0.3448276,34.0,0.0,0.0,0.0,1.0,0.0,0.0,0.0,0.0,0.0,1.0,0.0
3957,CCOC(=O)N1CCC(=C2C3=C(CCC4=C2N=CC=C4)C=C(C=C3)Cl)CC1,382.891,4.8878,42.43,0.0,3.0,1.0,2.0,4.0,0.36363637,27.0,0.0,0.0,0.0,1.0,0.0,0.0,0.0,1.0,0.0,1.0,0.0
4044,CC1=C(C(=CC=C1)NC2=CC=CC=C2C(=O)O)C,241.29,3.74524,49.33,2.0,2.0,3.0,2.0,2.0,0.13333334,18.0,0.0,1.0,0.0,0.0,0.0,0.0,0.0,0.0,0.0,0.0,1.0
4075,C1=CC(=C(C=C1N)C(=O)O)O,153.137,0.6726,83.55,3.0,3.0,1.0,1.0,1.0,0.0,11.0,1.0,0.0,0.0,0.0,0.0,0.0,1.0,0.0,0.0,0.0,1.0
4091,CN(C)C(=N)N=C(N)N,129.167,-1.24383,91.49,3.0,1.0,0.0,0.0,0.0,0.5,9.0,2.0,1.0,0.0,0.0,0.0,0.0,0.0,0.0,0.0,0.0,0.0
4168,CCN(CC)CCNC(=O)C1=CC(=C(C=C1OC)N)Cl,299.802,2.0024,67.59,2.0,4.0,7.0,1.0,1.0,0.5,20.0,1.0,1.0,0.0,1.0,0.0,0.0,0.0,1.0,0.0,1.0,0.0
4173,CC1=NC=C(N1CCO)[N+](=O)[O-],171.156,0.09202,81.19,1.0,4.0,3.0,1.0,1.0,0.5,12.0,0.0,0.0,0.0,0.0,0.0,0.0,0.0,0.0,0.0,0.0,0.0
4409,CC(=O)CCC1=CC2=C(C=C1)C=C(C=C2)OC,228.291,3.37,26.3,0.0,2.0,4.0,2.0,2.0,0.26666668,17.0,0.0,0.0,0.0,0.0,0.0,1.0,0.0,1.0,0.0,0.0,0.0
4421,CCN1C=C(C(=O)C2=C1N=C(C=C2)C)C(=O)O,232.239,1.42302,72.19,1.0,3.0,2.0,2.0,2.0,0.25,17.0,0.0,0.0,0.0,0.0,0.0,0.0,0.0,0.0,0.0,0.0,1.0
4463,CC1=C2C(=NC=C1)N(C3=C(C=CC=N3)C(=O)N2)C4CC4,266.304,2.65122,58.12,1.0,4.0,1.0,2.0,4.0,0.26666668,20.0,0.0,1.0,0.0,1.0,0.0,0.0,0.0,0.0,0.0,0.0,0.0
4485,CC1=C(C(C(=C(N1)C)C(=O)OC)C2=CC=CC=C2[N+](=O)[O-])C(=O)OC,346.339,2.1756,107.77,1.0,7.0,4.0,1.0,2.0,0.29411766,25.0,0.0,1.0,2.0,0.0,0.0,0.0,0.0,2.0,0.0,0.0,0.0
4495,CS(=O)(=O)NC1=C(C=C(C=C1)[N+](=O)[O-])OC2=CC=CC=C2,308.315,2.7586,98.54,1.0,5.0,5.0,2.0,2.0,0.07692308,21.0,0.0,1.0,0.0,0.0,0.0,0.0,0.0,1.0,0.0,0.0,0.0
4510,C(C(CO[N+](=O)[O-])O[N+](=O)[O-])O[N+](=O)[O-],227.085,-1.0201,157.11,0.0,9.0,8.0,0.0,0.0,1.0,15.0,0.0,0.0,0.0,0.0,0.0,0.0,0.0,0.0,0.0,0.0,0.0
4539,CCN1C=C(C(=O)C2=CC(=C(C=C21)N3CCNCC3)F)C(=O)O,319.336,1.2683,74.57,2.0,4.0,3.0,2.0,3.0,0.375,23.0,0.0,1.0,0.0,0.0,0.0,0.0,0.0,0.0,0.0,1.0,1.0
4583,CC1COC2=C3N1C=C(C(=O)C3=CC(=C2N4CCN(CC4)C)F)C(=O)O,361.373,1.544,75.01,1.0,5.0,2.0,2.0,4.0,0.44444445,26.0,0.0,0.0,0.0,0.0,0.0,0.0,0.0,1.0,0.0,1.0,1.0
4614,C1=CC=C(C=C1)C2=C(OC(=N2)CCC(=O)O)C3=CC=CC=C3,293.322,4.0258,63.33,1.0,3.0,5.0,3.0,3.0,0.11111111,22.0,0.0,0.0,0.0,0.0,0.0,0.0,0.0,0.0,0.0,0.0,1.0
4631,CC(C)NCC(COC1=CC=CC=C1OCC=C)O,265.353,1.9891,50.72,2.0,4.0,9.0,1.0,1.0,0.46666667,19.0,0.0,1.0,0.0,0.0,0.0,0.0,0.0,2.0,0.0,0.0,0.0
4680,COC1=C(C=C(C=C1)CC2=NC=CC3=CC(=C(C=C32)OC)OC)OC,339.391,3.86,49.81,0.0,5.0,6.0,3.0,3.0,0.25,25.0,0.0,0.0,0.0,0.0,0.0,0.0,0.0,4.0,0.0,0.0,0.0
4763,CCC1(C(=O)NC(=O)NC1=O)C2=CC=CC=C2,232.239,0.7004,75.27,2.0,3.0,2.0,1.0,2.0,0.25,17.0,0.0,2.0,0.0,4.0,0.0,0.0,0.0,0.0,0.0,0.0,0.0
4771,CC(C)(CC1=CC=CC=C1)N,149.237,1.9664,26.02,1.0,1.0,2.0,1.0,1.0,0.4,11.0,1.0,0.0,0.0,0.0,0.0,0.0,0.0,0.0,0.0,0.0,0.0
4814,COC1=C(C=C(C=C1)C(=O)NCC2=CN=CC=C2)C(=O)NCC3=CN=CC=C3,376.416,2.3452,93.21,2.0,5.0,7.0,3.0,3.0,0.14285715,28.0,0.0,2.0,0.0,2.0,0.0,0.0,0.0,1.0,0.0,0.0,0.0
4908,CC(CCCN)NC1=C2C(=CC(=C1)OC)C=CC=N2,259.353,2.7827,60.17,2.0,4.0,6.0,2.0,2.0,0.4,19.0,1.0,1.0,0.0,0.0,0.0,0.0,0.0,1.0,0.0,0.0,0.0
4927,CC(CN1C2=CC=CC=C2SC3=CC=CC=C31)N(C)C,284.428,4.2394,6.48,0.0,3.0,3.0,2.0,3.0,0.29411766,20.0,0.0,0.0,0.0,0.0,0.0,0.0,0.0,0.0,0.0,0.0,0.0
5035,C1CCN(CC1)CCOC2=CC=C(C=C2)C(=O)C3=C(SC4=C3C=CC(=C4)O)C5=CC=C(C=C5)O,473.594,6.0752,70.0,2.0,6.0,7.0,4.0,5.0,0.25,34.0,0.0,0.0,0.0,0.0,0.0,1.0,2.0,1.0,0.0,0.0,0.0
5073,CC1=C(C(=O)N2CCCCC2=N1)CCN3CCC(CC3)C4=NOC5=C4C=CC(=C5)F,410.493,3.59042,64.16,0.0,5.0,4.0,3.0,5.0,0.5217391,30.0,0.0,0.0,0.0,0.0,0.0,0.0,0.0,0.0,0.0,1.0,0.0
5090,CS(=O)(=O)C1=CC=C(C=C1)C2=C(C(=O)OC2)C3=CC=CC=C3,314.362,2.5577,60.44,0.0,4.0,3.0,2.0,3.0,0.11764706,22.0,0.0,0.0,1.0,0.0,0.0,0.0,0.0,1.0,0.0,0.0,0.0
5311,C1=CC=C(C=C1)NC(=O)CCCCCCC(=O)NO,264.325,2.4711,78.43,3.0,3.0,8.0,1.0,1.0,0.42857143,19.0,0.0,2.0,0.0,2.0,0.0,0.0,0.0,0.0,0.0,0.0,0.0
5339,C1=CC=NC(=C1)NS(=O)(=O)C2=CC=C(C=C2)N=NC3=CC(=C(C=C3)O)C(=O)O,398.4,3.7016,141.31,3.0,7.0,6.0,3.0,3.0,0.0,28.0,0.0,1.0,0.0,0.0,0.0,0.0,1.0,0.0,0.0,0.0,1.0
5340,C1=CC(=CC=C1N)S(=O)(=O)NC2=NC=CS2,255.324,1.5261,85.08,2.0,5.0,3.0,2.0,2.0,0.0,16.0,1.0,1.0,0.0,0.0,0.0,0.0,0.0,0.0,0.0,0.0,0.0
5391,CN1C2=C(C=C(C=C2)Cl)C(=NC(C1=O)O)C3=CC=CC=C3,300.745,2.4722,52.9,1.0,3.0,1.0,2.0,3.0,0.125,21.0,0.0,0.0,0.0,1.0,0.0,0.0,0.0,0.0,0.0,1.0,0.0
5479,CCS(=O)(=O)CCN1C(=NC=C1[N+](=O)[O-])C,247.276,0.53442,95.1,0.0,5.0,5.0,1.0,1.0,0.625,16.0,0.0,0.0,0.0,0.0,0.0,0.0,0.0,0.0,0.0,0.0,0.0
5483,CC(C(=O)NCC(=O)O)S,163.198,-0.4945,66.4,3.0,3.0,3.0,0.0,0.0,0.6,10.0,0.0,1.0,0.0,1.0,0.0,0.0,0.0,0.0,0.0,0.0,1.0
5487,C1CN=C(N1)NC2=C(C=CC3=NSN=C32)Cl,253.718,1.7158,62.2,2.0,6.0,1.0,2.0,3.0,0.22222222,16.0,0.0,2.0,0.0,0.0,0.0,0.0,0.0,0.0,0.0,1.0,0.0
5509,CC1=CC=C(C=C1)C(=O)C2=CC=C(N2C)CC(=O)O,257.289,2.19162,59.3,1.0,2.0,4.0,2.0,2.0,0.2,19.0,0.0,0.0,0.0,0.0,0.0,1.0,0.0,0.0,0.0,0.0,1.0
5560,C1=C2C(=CC(=C1Cl)S(=O)(=O)N)S(=O)(=O)NC(N2)C(Cl)Cl,380.662,0.821,118.36,3.0,5.0,2.0,1.0,2.0,0.25,20.0,1.0,2.0,0.0,0.0,0.0,0.0,0.0,0.0,0.0,3.0,0.0
5639,CN1C(=CC(=O)N(C1=O)C)NCCCN2CCN(CC2)C3=CC=CC=C3OC,387.484,0.7168,71.74,1.0,6.0,7.0,2.0,3.0,0.5,28.0,0.0,1.0,0.0,0.0,0.0,0.0,0.0,1.0,0.0,0.0,0.0
5665,C=CC(CCC(=O)O)N,129.159,0.3645,63.32,2.0,2.0,4.0,0.0,0.0,0.5,9.0,1.0,0.0,0.0,0.0,0.0,0.0,0.0,0.0,0.0,0.0,1.0
5717,CC1=CC=CC=C1S(=O)(=O)NC(=O)C2=CC(=C(C=C2)CC3=CN(C4=C3C=C(C=C4)NC(=O)OC5CCCC5)C)OC,575.687,5.69592,115.73,2.0,6.0,8.0,4.0,5.0,0.29032257,41.0,0.0,2.0,0.0,2.0,0.0,0.0,0.0,2.0,0.0,0.0,0.0
5743,CC1CC2C3CCC4=CC(=O)C=CC4(C3(C(CC2(C1(C(=O)CO)O)C)O)F)C,392.467,1.8957,94.83,3.0,5.0,2.0,0.0,4.0,0.72727275,28.0,0.0,0.0,0.0,0.0,0.0,2.0,0.0,0.0,0.0,1.0,0.0
5750,CCOC(=O)C1(CCN(CC1)C)C2=CC=CC=C2.Cl,283.799,2.6349,29.54,0.0,3.0,3.0,1.0,2.0,0.53333336,19.0,0.0,0.0,1.0,0.0,0.0,0.0,0.0,1.0,0.0,1.0,0.0
5754,CC12CCC(=O)C=C1CCC3C2C(CC4(C3CCC4(C(=O)CO)O)C)O,362.466,1.7816,94.83,3.0,5.0,2.0,0.0,4.0,0.8095238,26.0,0.0,0.0,0.0,0.0,0.0,2.0,0.0,0.0,0.0,0.0,0.0
5833,CC(=O)SC1CC2=CC(=O)CCC2(C3C1C4CCC5(C4(CC3)C)CCC(=O)O5)C,416.583,4.8523,60.44,0.0,5.0,1.0,0.0,5.0,0.7916667,29.0,0.0,0.0,1.0,0.0,0.0,1.0,0.0,1.0,0.0,0.0,0.0
5904,CC1(C(N2C(S1)C(C2=O)NC(=O)CC3=CC=CC=C3)C(=O)O)C,334.397,0.8608,86.71,2.0,4.0,4.0,1.0,3.0,0.4375,23.0,0.0,1.0,0.0,2.0,0.0,0.0,0.0,0.0,0.0,0.0,1.0
5962,C(CCN)CC(C(=O)O)N,146.19,-0.4727,89.34,3.0,3.0,5.0,0.0,0.0,0.8333333,10.0,2.0,0.0,0.0,0.0,0.0,0.0,0.0,0.0,0.0,0.0,1.0
5977,CC(C)(C(Cl)(Cl)Cl)O,177.458,2.1275,20.23,1.0,1.0,0.0,0.0,0.0,1.0,8.0,0.0,0.0,0.0,0.0,0.0,0.0,0.0,0.0,0.0,3.0,0.0
6014,CC(CN1C2=CC=CC=C2SC3=CC=CC=C31)N(C)C.Cl,320.889,4.6612,6.48,0.0,3.0,3.0,2.0,3.0,0.29411766,21.0,0.0,0.0,0.0,0.0,0.0,0.0,0.0,0.0,0.0,1.0,0.0
6018,CC(C)CC1CN2CCC3=CC(=C(C=C3C2CC1=O)OC)OC,317.429,3.2381,38.77,0.0,4.0,4.0,1.0,3.0,0.6315789,23.0,0.0,0.0,0.0,0.0,0.0,1.0,0.0,2.0,0.0,0.0,0.0
6055,CC(CC1=CC=CC=C1)N.CC(CC1=CC=CC=C1)N.OS(=O)(=O)O,368.499,2.4998,126.64,4.0,4.0,4.0,2.0,2.0,0.33333334,25.0,2.0,0.0,0.0,0.0,0.0,0.0,0.0,0.0,0.0,0.0,0.0
6084,COC1=C(C=C(C=C1)CC2=NC=CC3=CC(=C(C=C32)OC)OC)OC.Cl,375.852,4.2818,49.81,0.0,5.0,6.0,3.0,3.0,0.25,26.0,0.0,0.0,0.0,0.0,0.0,0.0,0.0,4.0,0.0,1.0,0.0
6112,C1CSSC1CCCCC(=O)O,206.332,2.7851,37.3,1.0,3.0,5.0,0.0,1.0,0.875,12.0,0.0,0.0,0.0,0.0,0.0,0.0,0.0,0.0,0.0,0.0,1.0
6116,CC(=O)[O-].CC(=O)[O-].[Ca+2],158.166,-2.8684,80.26,0.0,4.0,0.0,0.0,0.0,0.5,9.0,0.0,0.0,0.0,0.0,0.0,0.0,0.0,0.0,0.0,0.0,2.0
6196,CC1=C(C(=NO1)C2=CC=CC=C2)C(=O)NC3C4N(C3=O)C(C(S4)(C)C)C(=O)O,401.444,1.89532,112.74,2.0,6.0,4.0,2.0,4.0,0.36842105,28.0,0.0,1.0,0.0,2.0,0.0,0.0,0.0,0.0,0.0,0.0,1.0
6249,CC1(C(N2C(S1)C(C2=O)NC(=O)C(C3=CC=CC=C3)N)C(=O)O)C,349.412,0.3181,112.73,3.0,5.0,4.0,1.0,3.0,0.4375,24.0,1.0,1.0,0.0,2.0,0.0,0.0,0.0,0.0,0.0,0.0,1.0
6253,C1=CN(C(=O)N=C1N)C2C(C(C(O2)CO)O)O,243.219,-2.563,130.83,4.0,7.0,2.0,1.0,2.0,0.5555556,17.0,1.0,0.0,0.0,0.0,0.0,0.0,0.0,1.0,0.0,0.0,0.0
6354,C1CO1,44.053,0.0166,12.53,0.0,1.0,0.0,0.0,1.0,1.0,3.0,0.0,0.0,0.0,0.0,0.0,0.0,0.0,1.0,1.0,0.0,0.0
6917,C=CN1CCCC1=O,111.144,0.7523,20.31,0.0,1.0,1.0,0.0,1.0,0.5,8.0,0.0,0.0,0.0,1.0,0.0,0.0,0.0,0.0,0.0,0.0,0.0
7628,B(O)(O)O,61.833,-2.0518,60.69,3.0,3.0,0.0,0.0,0.0,0.0,4.0,0.0,0.0,0.0,0.0,0.0,0.0,0.0,0.0,0.0,0.0,0.0
8753,CCCCCCCCCCCC[N+](C)(C)CC1=CC=CC=C1.[Cl-],339.995,3.1879,0.0,0.0,0.0,13.0,1.0,1.0,0.71428573,23.0,0.0,0.0,0.0,0.0,0.0,0.0,0.0,0.0,0.0,1.0,0.0
8857,CCOC(=O)C,88.106,0.5694,26.3,0.0,2.0,1.0,0.0,0.0,0.75,6.0,0.0,0.0,1.0,0.0,0.0,0.0,0.0,1.0,0.0,0.0,0.0
9280,COC(=O)C(C1CCCCN1)C2=CC=CC=C2.Cl,269.772,2.5071,38.33,1.0,3.0,3.0,1.0,2.0,0.5,18.0,0.0,1.0,1.0,0.0,0.0,0.0,0.0,1.0,0.0,1.0,0.0
9351,C1=CC=C2C(=C1)C=NN=C2NN.Cl,196.641,1.3372,63.83,2.0,4.0,1.0,2.0,2.0,0.0,13.0,1.0,1.0,0.0,0.0,0.0,0.0,0.0,0.0,0.0,1.0,0.0
9433,CN1C2=C(C(=O)N(C1=O)C)NC=N2.CN1C2=C(C(=O)N(C1=O)C)NC=N2.C(CN)N,420.434,-3.1756,197.4,4.0,8.0,1.0,4.0,4.0,0.375,30.0,2.0,2.0,0.0,0.0,0.0,0.0,0.0,0.0,0.0,0.0,0.0
9444,C1=NC(=NC(=O)N1C2C(C(C(O2)CO)O)O)N,244.207,-3.168,143.72,4.0,8.0,2.0,1.0,2.0,0.625,17.0,1.0,0.0,0.0,0.0,0.0,0.0,0.0,1.0,0.0,0.0,0.0
9550,C=[N+]=[N-],42.041,-0.0832,36.4,0.0,0.0,0.0,0.0,0.0,0.0,3.0,0.0,0.0,0.0,0.0,0.0,0.0,0.0,0.0,0.0,0.0,0.0
10112,C(=O)([O-])[O-].[Ca+2],100.086,-2.8278,63.19,0.0,3.0,0.0,0.0,0.0,0.0,5.0,0.0,0.0,0.0,0.0,0.0,0.0,0.0,0.0,0.0,0.0,0.0
11065,CN(C)CCC=C1C2=CC=CC=C2CCC3=CC=CC=C31.Cl,313.872,4.5904,3.24,0.0,1.0,3.0,2.0,3.0,0.3,22.0,0.0,0.0,0.0,0.0,0.0,0.0,0.0,0.0,0.0,1.0,0.0
12035,CC(=O)NC(CS)C(=O)O,163.198,-0.4945,66.4,3.0,3.0,3.0,0.0,0.0,0.6,10.0,0.0,1.0,0.0,1.0,0.0,0.0,0.0,0.0,0.0,0.0,1.0
12560,CCC1C(C(C(C(=O)C(CC(C(C(C(C(C(=O)O1)C)OC2CC(C(C(O2)C)O)(C)OC)C)OC3C(C(CC(O3)C)N(C)C)O)(C)O)C)C)O)(C)O,733.937,1.7856,193.91,5.0,14.0,7.0,0.0,3.0,0.9459459,51.0,0.0,0.0,1.0,0.0,0.0,1.0,0.0,6.0,0.0,0.0,0.0
13144,CC(C(=O)[O-])O.CC(C(=O)[O-])O.[Ca+2],218.218,-4.1466,120.72,2.0,6.0,2.0,0.0,0.0,0.6666667,13.0,0.0,0.0,0.0,0.0,0.0,0.0,0.0,0.0,0.0,0.0,2.0
14219,CN(C)C(=N)N=C(N)N.Cl,165.628,-0.82203,91.49,3.0,1.0,0.0,0.0,0.0,0.5,10.0,2.0,1.0,0.0,0.0,0.0,0.0,0.0,0.0,0.0,1.0,0.0
14250,CCCCCCCCCCCCCC[N+](C)(C)C.[Br-],336.402,2.3977,0.0,0.0,0.0,13.0,0.0,0.0,1.0,19.0,0.0,0.0,0.0,0.0,0.0,0.0,0.0,0.0,0.0,1.0,0.0
14985,CC1=C(C2=C(CCC(O2)(C)CCCC(C)CCCC(C)CCCC(C)C)C(=C1O)C)C,430.717,8.84026,29.46,1.0,2.0,12.0,1.0,2.0,0.79310346,31.0,0.0,0.0,0.0,0.0,0.0,0.0,1.0,1.0,0.0,0.0,0.0
14986,CC1=C(C=C2CCC(OC2=C1C)(C)CCCC(C)CCCC(C)CCCC(C)C)O,416.69,8.53184,29.46,1.0,2.0,12.0,1.0,2.0,0.78571427,30.0,0.0,0.0,0.0,0.0,0.0,0.0,1.0,1.0,0.0,0.0,0.0
16078,CCCCCC1=CC(=C2C3C=C(CCC3C(OC2=C1)(C)C)C)O,314.469,5.7358,29.46,1.0,2.0,4.0,1.0,3.0,0.61904764,23.0,0.0,0.0,0.0,0.0,0.0,0.0,1.0,1.0,0.0,0.0,0.0
16961,CC1CC2C3CCC4=CC(=O)C=CC4(C3(C(CC2(C1(C(=O)COP(=O)([O-])[O-])O)C)O)F)C.[Na+].[Na+],516.41,-5.2433,147.02,2.0,8.0,4.0,0.0,4.0,0.72727275,34.0,0.0,0.0,0.0,0.0,0.0,2.0,0.0,0.0,0.0,1.0,0.0
17506,CCNCC.C1=CC(=C(C=C1O)S(=O)(=O)O)O,263.315,0.9603,106.86,4.0,5.0,3.0,1.0,1.0,0.4,17.0,0.0,1.0,0.0,0.0,0.0,0.0,2.0,0.0,0.0,0.0,0.0
18283,CC1=CN(C(=O)NC1=O)C2C=CC(O2)CO,224.216,-0.70908,84.32,2.0,4.0,2.0,1.0,2.0,0.4,16.0,0.0,1.0,0.0,0.0,0.0,0.0,0.0,1.0,0.0,0.0,0.0
20058,CC(=O)OCC1C(C(C(O1)N2C=CC(=O)NC2=O)OC(=O)C)OC(=O)C,370.314,-1.1395,142.99,1.0,9.0,5.0,1.0,2.0,0.53333336,26.0,0.0,1.0,3.0,0.0,0.0,0.0,0.0,4.0,0.0,0.0,0.0
20279,C1C(C(OC1N2C=NC3=C(N=C(N=C32)Cl)N)CO)O,285.691,-0.2974,119.31,3.0,7.0,2.0,2.0,3.0,0.5,19.0,1.0,0.0,0.0,0.0,0.0,0.0,0.0,1.0,0.0,1.0,0.0
24497,[O-]S(=O)(=O)[O-].[Ca+2],136.141,-1.7188,80.26,0.0,4.0,0.0,0.0,0.0,0.0,6.0,0.0,0.0,0.0,0.0,0.0,0.0,0.0,0.0,0.0,0.0,0.0
25215,CN1C(=O)CN=C(C2=C1C=CC(=C2)Cl)C3=CCCCC3,288.778,3.6059,32.67,0.0,2.0,1.0,1.0,3.0,0.375,20.0,0.0,0.0,0.0,1.0,0.0,0.0,0.0,0.0,0.0,1.0,0.0
25517,[NH4+].[Cl-],53.492,-2.6198,36.5,1.0,0.0,0.0,0.0,0.0,0.0,2.0,0.0,0.0,0.0,0.0,0.0,0.0,0.0,0.0,0.0,1.0,0.0
27447,CC1=C(N2C(C(C2=O)NC(=O)C(C3=CC=CC=C3)N)SC1)C(=O)O,347.396,0.4449,112.73,3.0,5.0,4.0,1.0,3.0,0.3125,24.0,1.0,1.0,0.0,2.0,0.0,0.0,0.0,0.0,0.0,0.0,1.0
27661,C1C(C2C(O1)C(CO2)O[N+](=O)[O-])O,191.139,-1.2782,91.06,1.0,6.0,2.0,0.0,2.0,1.0,13.0,0.0,0.0,0.0,0.0,0.0,0.0,0.0,2.0,0.0,0.0,0.0
30667,CC(C1=NCCN1)OC2=C(C=CC=C2Cl)Cl.Cl,295.597,3.1842,33.62,1.0,3.0,3.0,1.0,2.0,0.36363637,17.0,0.0,1.0,0.0,0.0,0.0,0.0,0.0,1.0,0.0,3.0,0.0
31239,CCCCCCCCCCCCCCCC[N+]1=CC=CC=C1.[Cl-],339.995,3.4594,3.88,0.0,0.0,15.0,1.0,1.0,0.7619048,23.0,0.0,0.0,0.0,0.0,0.0,0.0,0.0,0.0,0.0,1.0,0.0
31404,CC1=CC(=C(C(=C1)C(C)(C)C)O)C(C)(C)C,220.356,4.29562,20.23,1.0,1.0,0.0,1.0,1.0,0.6,16.0,0.0,0.0,0.0,0.0,0.0,0.0,1.0,0.0,0.0,0.0,0.0
31703,CC1C(C(CC(O1)OC2CC(CC3=C2C(=C4C(=C3O)C(=O)C5=C(C4=O)C(=CC=C5)OC)O)(C(=O)CO)O)N)O,543.525,0.0013,206.07,6.0,12.0,5.0,2.0,5.0,0.44444445,39.0,1.0,0.0,0.0,0.0,0.0,3.0,2.0,3.0,0.0,0.0,0.0
33613,CC1(C(N2C(S1)C(C2=O)NC(=O)C(C3=CC=C(C=C3)O)N)C(=O)O)C,365.411,0.0237,132.96,4.0,6.0,4.0,1.0,3.0,0.4375,25.0,1.0,1.0,0.0,2.0,0.0,0.0,1.0,0.0,0.0,0.0,1.0
34312,C1C2=CC=CC=C2N(C3=CC=CC=C3C1=O)C(=O)N,252.273,2.6422,63.4,1.0,2.0,0.0,2.0,3.0,0.06666667,19.0,1.0,0.0,0.0,2.0,0.0,1.0,0.0,0.0,0.0,0.0,0.0
34359,CC(CC1=CC(=C(C=C1)O)O)(C(=O)O)NN,226.232,-0.0531,115.81,5.0,5.0,4.0,1.0,1.0,0.3,16.0,1.0,1.0,0.0,0.0,0.0,0.0,2.0,0.0,0.0,0.0,1.0
35370,CC1=CN(C(=O)NC1=O)C2CC(C(O2)CO)N=[N+]=[N-],267.245,-0.19628,133.08,2.0,5.0,3.0,1.0,2.0,0.6,19.0,0.0,1.0,0.0,0.0,0.0,0.0,0.0,1.0,0.0,0.0,0.0
40632,CC1=CN(C(=O)C=C1)C2=CC=CC=C2,185.226,2.14592,22.0,0.0,1.0,1.0,2.0,2.0,0.083333336,14.0,0.0,0.0,0.0,0.0,0.0,0.0,0.0,0.0,0.0,0.0,0.0
41684,CC(=O)OC1=CC=CC=C1C(=O)NC2=NC=C(S2)[N+](=O)[O-],307.287,2.2289,111.43,1.0,7.0,4.0,2.0,2.0,0.083333336,21.0,0.0,1.0,1.0,1.0,0.0,0.0,0.0,1.0,0.0,0.0,0.0
41693,CCC(=O)N(C1=CC=CC=C1)C2(CCN(CC2)CCC3=CC=CS3)COC,386.561,4.2148,32.78,0.0,4.0,8.0,2.0,3.0,0.5,27.0,0.0,0.0,0.0,1.0,0.0,0.0,0.0,1.0,0.0,0.0,0.0
41774,CC1C(C(C(C(O1)OC2C(OC(C(C2O)O)OC3C(OC(C(C3O)O)O)CO)CO)O)O)NC4C=C(C(C(C4O)O)O)CO,645.608,-8.5645,321.17,14.0,19.0,9.0,0.0,4.0,0.92,44.0,0.0,1.0,0.0,0.0,0.0,0.0,0.0,5.0,0.0,0.0,0.0
44093,CC(CS)C(=O)N1CCCC1C(=O)O,217.29,0.6279,57.61,2.0,3.0,3.0,0.0,1.0,0.7777778,14.0,0.0,0.0,0.0,1.0,0.0,0.0,0.0,0.0,0.0,0.0,1.0
47576,CC(=O)N1CCN(CC1)C2=CC=C(C=C2)OCC3COC(O3)(CN4C=CN=C4)C5=C(C=C(C=C5)Cl)Cl,531.44,4.2058,69.06,0.0,6.0,7.0,3.0,5.0,0.3846154,36.0,0.0,0.0,0.0,1.0,0.0,0.0,0.0,3.0,0.0,2.0,0.0
51039,C1C(=C(N2C(S1)C(C2=O)NC(=O)C(C3=CC=CC=C3)N)C(=O)O)Cl,367.814,0.6213,112.73,3.0,5.0,4.0,1.0,3.0,0.26666668,24.0,1.0,1.0,0.0,2.0,0.0,0.0,0.0,0.0,0.0,1.0,1.0
51081,CCN1C=C(C(=O)C2=CC(=C(C=C21)N3CCN(CC3)C)F)C(=O)O,333.363,1.6105,65.78,1.0,4.0,3.0,2.0,3.0,0.4117647,24.0,0.0,0.0,0.0,0.0,0.0,0.0,0.0,0.0,0.0,1.0,1.0
51634,CCCCN1CC(C(C(C1CO)O)O)O,219.281,-1.4543,84.16,4.0,5.0,4.0,0.0,1.0,1.0,15.0,0.0,0.0,0.0,0.0,0.0,0.0,0.0,0.0,0.0,0.0,0.0
54840,CC1=CC=CC=C1OC(CCNC)C2=CC=CC=C2.Cl,291.822,4.14642,21.26,1.0,2.0,6.0,2.0,2.0,0.29411766,20.0,0.0,1.0,0.0,0.0,0.0,0.0,0.0,1.0,0.0,1.0,0.0
54891,CCOC(=O)C(CCC1=CC=CC=C1)NC(C)C(=O)N2CC3=CC=CC=C3CC2C(=O)O.Cl,474.985,2.9889,95.94,2.0,5.0,9.0,2.0,3.0,0.4,33.0,0.0,1.0,1.0,1.0,0.0,0.0,0.0,1.0,0.0,1.0,1.0
54892,CCOC(=O)C(CCC1=CC=CC=C1)NC(C)C(=O)N2CC3=CC=CC=C3CC2C(=O)O,438.524,2.5671,95.94,2.0,5.0,9.0,2.0,3.0,0.4,32.0,0.0,1.0,1.0,1.0,0.0,0.0,0.0,1.0,0.0,0.0,1.0
54900,C1CCN(CC1)CCOC2=CC=C(C=C2)C(=O)C3=C(SC4=C3C=CC(=C4)O)C5=CC=C(C=C5)O.Cl,510.055,6.497,70.0,2.0,6.0,7.0,4.0,5.0,0.25,35.0,0.0,0.0,0.0,0.0,0.0,1.0,2.0,1.0,0.0,1.0,0.0
55245,CC#CC1(CCC2C1(CC(C3=C4CCC(=O)C=C4CCC23)C5=CC=C(C=C5)N(C)C)C)O,429.604,5.4065,40.54,1.0,3.0,2.0,1.0,5.0,0.55172414,32.0,0.0,0.0,0.0,0.0,0.0,1.0,0.0,0.0,0.0,0.0,0.0
55891,CCC(=O)OC(C(C)C)OP(=O)(CCCCC1=CC=CC=C1)CC(=O)N2CC(CC2C(=O)O)C3CCCCC3,563.672,6.1213,110.21,1.0,6.0,14.0,1.0,3.0,0.7,39.0,0.0,0.0,1.0,1.0,0.0,0.0,0.0,1.0,0.0,0.0,1.0
56959,CC1=C(C(=CC=C1)C)NC(=O)CN2CCN(CC2)CC(COC3=CC=CC=C3OC)O,427.545,2.30804,74.27,2.0,6.0,9.0,2.0,3.0,0.45833334,31.0,0.0,1.0,0.0,1.0,0.0,0.0,0.0,2.0,0.0,0.0,0.0
59248,CC[NH+](CC)CCN(CC(=O)NC1=C(C=CC=C1C)C)C(=O)C.[Cl-],355.91,-1.98086,53.85,2.0,2.0,8.0,1.0,1.0,0.5555556,24.0,0.0,2.0,0.0,2.0,0.0,0.0,0.0,0.0,0.0,1.0,0.0
59768,CC(C)NCC(COC1=CC=C(C=C1)CCC(=O)OC)O,295.379,1.5299,67.79,2.0,5.0,9.0,1.0,1.0,0.5625,21.0,0.0,1.0,1.0,0.0,0.0,0.0,0.0,2.0,0.0,0.0,0.0
59772,CNS(=O)(=O)CC1=CC2=C(C=C1)NC=C2CCN(C)C.C(CC(=O)O)C(=O)O,413.496,1.257,139.8,4.0,5.0,9.0,2.0,2.0,0.44444445,28.0,0.0,2.0,0.0,0.0,0.0,0.0,0.0,0.0,0.0,0.0,2.0
60560,CCC1=CN=C(C=C1)CCOC2=CC=C(C=C2)CC3C(=O)NC(=O)S3.Cl,392.908,3.5814,68.29,1.0,5.0,7.0,2.0,3.0,0.31578946,26.0,0.0,1.0,0.0,2.0,0.0,0.0,0.0,1.0,0.0,1.0,0.0
60606,COC(=O)C(C1=CC=CC=C1Cl)N2CCC3=C(C2)C=CS3,321.829,3.6739,29.54,0.0,4.0,3.0,2.0,3.0,0.3125,21.0,0.0,0.0,1.0,0.0,0.0,0.0,0.0,1.0,0.0,1.0,0.0
60795,C1CC(=O)NC2=C1C=CC(=C2)OCCCCN3CCN(CC3)C4=C(C(=CC=C4)Cl)Cl,448.394,4.8593,44.81,1.0,4.0,7.0,2.0,4.0,0.4347826,30.0,0.0,1.0,0.0,1.0,0.0,0.0,0.0,1.0,0.0,2.0,0.0
60822,CC(C)C1=C(C(=C(N1CCC(CC(CC(=O)[O-])O)O)C2=CC=C(C=C2)F)C3=CC=CC=C3)C(=O)NC4=CC=CC=C4.CC(C)C1=C(C(=C(N1CCC(CC(CC(=O)[O-])O)O)C2=CC=C(C=C2)F)C3=CC=CC=C3)C(=O)NC4=CC=CC=C4.[Ca+2],1155.362,9.577,229.24,6.0,10.0,24.0,8.0,8.0,0.27272728,83.0,0.0,2.0,0.0,2.0,0.0,0.0,0.0,0.0,0.0,2.0,2.0
60825,C1C(OC(S1)CO)N2C=CC(=NC2=O)N,229.261,-0.5941,90.37,2.0,6.0,2.0,1.0,2.0,0.5,15.0,1.0,0.0,0.0,0.0,0.0,0.0,0.0,1.0,0.0,0.0,0.0
60834,CNCCC(C1=CC=CS1)OC2=CC=CC3=CC=CC=C32.Cl,333.884,5.0527,21.26,1.0,3.0,6.0,3.0,3.0,0.22222222,22.0,0.0,1.0,0.0,0.0,0.0,0.0,0.0,1.0,0.0,1.0,0.0
60846,CCCCC(=O)N(CC1=CC=C(C=C1)C2=CC=CC=C2C3=NNN=N3)C(C(C)C)C(=O)O,435.528,4.1617,112.07,2.0,5.0,10.0,3.0,3.0,0.375,32.0,0.0,1.0,0.0,1.0,0.0,0.0,0.0,0.0,0.0,0.0,1.0
60871,CC(C)(C)C(=O)OCOP(=O)(COCCN1C=NC2=C(N=CN=C21)N)OCOC(=O)C(C)(C)C,501.477,2.7025,166.98,1.0,12.0,11.0,2.0,2.0,0.65,34.0,1.0,0.0,2.0,0.0,0.0,0.0,0.0,3.0,0.0,0.0,0.0
60877,C1C(OC(S1)CO)N2C=C(C(=NC2=O)N)F,247.251,-0.455,90.37,2.0,6.0,2.0,1.0,2.0,0.5,16.0,1.0,0.0,0.0,0.0,0.0,0.0,0.0,1.0,0.0,1.0,0.0
62698,C(C1C(C(C(C(O1)OC2C(OC(C(C2O)O)OC3C(OC(C(C3O)O)O)CO)CO)O)O)O)O,504.438,-7.573,268.68,11.0,16.0,7.0,0.0,3.0,1.0,34.0,0.0,0.0,0.0,0.0,0.0,0.0,0.0,5.0,0.0,0.0,0.0
62882,CC(C)NCC(COC1=CC=CC2=CC=CC=C21)O.Cl,295.81,2.9993,41.49,2.0,3.0,6.0,2.0,2.0,0.375,20.0,0.0,1.0,0.0,0.0,0.0,0.0,0.0,1.0,0.0,1.0,0.0
62923,CN(C)CC(C1=CC=C(C=C1)OC)C2(CCCCC2)O.Cl,313.869,3.4574,32.7,1.0,3.0,5.0,1.0,2.0,0.64705884,21.0,0.0,0.0,0.0,0.0,0.0,0.0,0.0,1.0,0.0,1.0,0.0
62937,CC(C)NCC(COC1=CC=C(C=C1)CCOC)O.CC(C)NCC(COC1=CC=C(C=C1)CCOC)O.C(CC(=O)O)C(=O)O,652.826,3.1622,176.04,6.0,10.0,21.0,2.0,2.0,0.5882353,46.0,0.0,2.0,0.0,0.0,0.0,0.0,0.0,4.0,0.0,0.0,2.0
62969,CC(C)C(CCCN(C)CCC1=CC(=C(C=C1)OC)OC)(C#N)C2=CC(=C(C=C2)OC)OC.Cl,491.072,5.51488,63.95,0.0,6.0,13.0,2.0,2.0,0.5185185,34.0,0.0,0.0,0.0,0.0,0.0,0.0,0.0,4.0,0.0,1.0,0.0
63013,CN(C)CC1CCCCC1(C2=CC(=CC=C2)OC)O.Cl,299.842,3.0564,32.7,1.0,3.0,4.0,1.0,2.0,0.625,20.0,0.0,0.0,0.0,0.0,0.0,0.0,0.0,1.0,0.0,1.0,0.0
64139,C1CC1C#CC2(C3=C(C=CC(=C3)Cl)NC(=O)O2)C(F)(F)F,315.678,4.0731,38.33,1.0,2.0,0.0,1.0,3.0,0.35714287,21.0,0.0,1.0,0.0,1.0,0.0,0.0,0.0,1.0,0.0,4.0,0.0
65157,CCCCCCCCCCC(=O)OC1CCC2C1(CCC3C2CCC4=CC(=O)CCC34C)C,456.711,7.9609,43.37,0.0,3.0,10.0,0.0,4.0,0.8666667,33.0,0.0,0.0,1.0,0.0,0.0,1.0,0.0,1.0,0.0,0.0,0.0
65999,CCCC1=NC2=C(N1CC3=CC=C(C=C3)C4=CC=CC=C4C(=O)O)C=C(C=C2C)C5=NC6=CC=CC=C6N5C,514.629,7.26442,72.94,1.0,3.0,7.0,6.0,6.0,0.18181819,39.0,0.0,0.0,0.0,0.0,0.0,0.0,0.0,0.0,0.0,0.0,1.0
66370,C(C1C(C(C(C(O1)O)O)O)O)O.O,198.171,-4.0461,141.88,5.0,6.0,1.0,0.0,1.0,1.0,13.0,0.0,0.0,0.0,0.0,0.0,0.0,0.0,1.0,0.0,0.0,0.0
68704,CC(C)CC1=CC=C(C=C1)C(C)C(=O)NO,221.3,2.494,49.33,2.0,2.0,4.0,1.0,1.0,0.46153846,16.0,0.0,1.0,0.0,1.0,0.0,0.0,0.0,0.0,0.0,0.0,0.0
68844,CCNC1CN(S(=O)(=O)C2=C1C=C(S2)S(=O)(=O)N)CCCOC,383.517,0.0869,118.8,2.0,7.0,7.0,1.0,2.0,0.6666667,23.0,1.0,1.0,0.0,0.0,0.0,0.0,0.0,1.0,0.0,0.0,0.0
71329,CN(CCC1=CC=C(C=C1)NS(=O)(=O)C)CCOC2=CC=C(C=C2)NS(=O)(=O)C,441.575,1.9829,104.81,2.0,6.0,11.0,2.0,2.0,0.36842105,29.0,0.0,2.0,0.0,0.0,0.0,0.0,0.0,1.0,0.0,0.0,0.0
71360,CC(=O)C1=CC(=C(C=C1)OCCCN2CCC(CC2)C3=NOC4=C3C=CC(=C4)F)OC,426.488,4.8266,64.8,0.0,6.0,8.0,3.0,4.0,0.41666666,31.0,0.0,0.0,0.0,0.0,0.0,1.0,0.0,2.0,0.0,1.0,0.0
71412,CC(CCC1=CC=CC=C1)NCC(C2=CC(=C(C=C2)O)C(=O)N)O.Cl,364.873,2.5572,95.58,4.0,4.0,8.0,2.0,2.0,0.31578946,25.0,1.0,1.0,0.0,1.0,0.0,0.0,1.0,0.0,0.0,1.0,0.0
71424,CCOC1=CC=CC=C1OCC2CNCCO2.Cl,273.76,1.8743,39.72,1.0,4.0,5.0,1.0,2.0,0.53846157,18.0,0.0,1.0,0.0,0.0,0.0,0.0,0.0,3.0,0.0,1.0,0.0
71616,CC(C1=NC=NC=C1F)C(CN2C=NC=N2)(C3=C(C=C(C=C3)F)F)O,349.316,2.1769,76.72,1.0,5.0,5.0,3.0,3.0,0.25,25.0,0.0,0.0,0.0,0.0,0.0,0.0,0.0,0.0,0.0,3.0,0.0
71764,CN(CCCNC(=O)C1CCCO1)C2=NC3=CC(=C(C=C3C(=N2)N)OC)OC.Cl,425.917,1.7725,111.83,2.0,8.0,8.0,2.0,3.0,0.5263158,29.0,1.0,1.0,0.0,1.0,0.0,0.0,0.0,3.0,0.0,1.0,0.0
71771,C1=CC=C(C(=C1)CC(=O)OCC(=O)O)NC2=C(C=CC=C2Cl)Cl,354.189,3.9073,75.63,2.0,4.0,6.0,2.0,2.0,0.125,23.0,0.0,1.0,1.0,0.0,0.0,0.0,0.0,1.0,0.0,2.0,1.0
73491,CC1C(O1)P(=O)([O-])[O-].[Na+].[Na+],182.023,-7.3471,75.72,0.0,4.0,1.0,0.0,1.0,1.0,10.0,0.0,0.0,0.0,0.0,0.0,0.0,0.0,1.0,1.0,0.0,0.0
74990,CCC1=C2CN3C(=CC4=C(C3=O)COC(=O)C4(CC)O)C2=NC5=C1C=C(C=C5)OC(=O)N6CCC(CC6)N7CCCCC7.Cl,623.15,4.5129,114.2,1.0,8.0,4.0,3.0,7.0,0.5151515,44.0,0.0,0.0,1.0,1.0,0.0,0.0,0.0,2.0,0.0,1.0,0.0
77997,CN(C)CCC1=CNC2=C1C=C(C=C2)CN3C=NC=N3.C1=CC=C(C=C1)C(=O)O,391.475,3.2966,87.04,2.0,4.0,6.0,4.0,4.0,0.22727273,29.0,0.0,1.0,0.0,0.0,0.0,0.0,0.0,0.0,0.0,0.0,1.0
78000,CCC(CC)OC1C=C(CC(C1NC(=O)C)N)C(=O)OCC.OP(=O)(O)O,410.404,0.3568,168.41,5.0,6.0,7.0,0.0,1.0,0.75,27.0,1.0,1.0,1.0,1.0,0.0,0.0,0.0,2.0,0.0,0.0,0.0
84003,C1CN2C(=CC=C2C(=O)C3=CC=CC=C3)C1C(=O)O.C(C(CO)(CO)N)O,376.409,-0.0482,146.01,5.0,6.0,6.0,2.0,3.0,0.36842105,27.0,1.0,0.0,0.0,0.0,0.0,1.0,0.0,0.0,0.0,0.0,1.0
84029,CCC1C(C(C(C(=O)C(CC(C(C(C(C(C(=O)O1)C)OC2CC(C(C(O2)C)O)(C)OC)C)OC3C(C(CC(O3)C)N(C)C)O)(C)OC)C)C)O)(C)O,747.964,2.4397,182.91,4.0,14.0,8.0,0.0,3.0,0.94736844,52.0,0.0,0.0,1.0,0.0,0.0,1.0,0.0,7.0,0.0,0.0,0.0
84724,C1(=NN=C(S1)S(=O)(=O)N)N,180.214,-1.2323,111.96,2.0,6.0,1.0,1.0,1.0,0.0,10.0,2.0,0.0,0.0,0.0,0.0,0.0,0.0,0.0,0.0,0.0,0.0
86472,CC1=C(C(=C(C2=C1OC(CC2)(C)CCCC(C)CCCC(C)CCCC(C)C)C)OC(=O)C)C,472.754,9.05996,35.53,0.0,3.0,13.0,1.0,2.0,0.7741935,34.0,0.0,0.0,1.0,0.0,0.0,0.0,0.0,2.0,0.0,0.0,0.0
91270,CCOC(=O)C(CCC1=CC=CC=C1)NC(C)C(=O)N2CC3=CC(=C(C=C3CC2C(=O)O)OC)OC,498.576,2.5843,114.4,2.0,7.0,11.0,2.0,3.0,0.44444445,36.0,0.0,1.0,1.0,1.0,0.0,0.0,0.0,3.0,0.0,0.0,1.0
91558,COC1=CC2=C(C=CN=C2C=C1)C(C3CC4CCN3CC4C=C)O.Cl,360.885,3.595,45.59,1.0,4.0,4.0,2.0,5.0,0.45,25.0,0.0,0.0,0.0,0.0,0.0,0.0,0.0,1.0,0.0,1.0,0.0
92974,C1=CC(=C(C=C1C(C(C(=O)O)N)O)O)O,213.189,-0.4569,124.01,5.0,5.0,3.0,1.0,1.0,0.22222222,15.0,1.0,0.0,0.0,0.0,0.0,0.0,2.0,0.0,0.0,0.0,1.0
93095,CC1C(O1)P(=O)([O-])[O-].[Ca+2],176.121,-1.7359,75.72,0.0,4.0,1.0,0.0,1.0,1.0,9.0,0.0,0.0,0.0,0.0,0.0,0.0,0.0,1.0,1.0,0.0,0.0
104865,CC(C)(C)C1=CC=C(C=C1)S(=O)(=O)NC2=C(C(=NC(=N2)C3=NC=CC=N3)OCCO)OC4=CC=CC=C4OC,551.625,4.2039,145.65,2.0,10.0,10.0,4.0,4.0,0.25925925,39.0,0.0,1.0,0.0,0.0,0.0,0.0,0.0,3.0,0.0,0.0,0.0
107952,CC(C)NCC(COC1=CC=C(C=C1)CCOCC2CC2)O.Cl,343.895,2.8152,50.72,2.0,4.0,11.0,1.0,2.0,0.6666667,23.0,0.0,1.0,0.0,0.0,0.0,0.0,0.0,2.0,0.0,1.0,0.0
107970,CCCCCCCCC1=CC=C(C=C1)CCC(CO)(CO)N,307.478,3.2043,66.48,3.0,3.0,12.0,1.0,1.0,0.68421054,22.0,1.0,0.0,0.0,0.0,0.0,0.0,0.0,0.0,0.0,0.0,0.0
110635,CN1CC(=O)N2C(C1=O)CC3=C(C2C4=CC5=C(C=C4)OCO5)NC6=CC=CC=C36,389.411,2.2113,74.87,1.0,4.0,1.0,3.0,6.0,0.27272728,29.0,0.0,1.0,0.0,2.0,0.0,0.0,0.0,2.0,0.0,0.0,0.0
115355,C1CC(=O)C(C(=O)C1)C(=O)C2=C(C=C(C=C2)C(F)(F)F)[N+](=O)[O-],329.23,2.7346,94.35,0.0,5.0,3.0,1.0,2.0,0.35714287,23.0,0.0,0.0,0.0,0.0,0.0,3.0,0.0,0.0,0.0,3.0,0.0
115366,COC(=O)C(C1=CC=CC=C1Cl)N2CCC3=C(C2)C=CS3.OS(=O)(=O)O,419.908,3.0211,104.14,2.0,6.0,3.0,2.0,3.0,0.3125,26.0,0.0,0.0,1.0,0.0,0.0,0.0,0.0,1.0,0.0,1.0,0.0
119607,CC1=C(C(=NO1)C2=CC=CC=C2)C3=CC=C(C=C3)S(=O)(=O)N,314.366,2.96442,86.19,1.0,4.0,3.0,3.0,3.0,0.0625,22.0,1.0,0.0,0.0,0.0,0.0,0.0,0.0,0.0,0.0,0.0,0.0
121396,C(CC(=O)O)C(C(=O)O)NC(=O)N,190.155,-1.0273,129.72,4.0,3.0,5.0,0.0,0.0,0.5,13.0,1.0,1.0,0.0,2.0,0.0,0.0,0.0,0.0,0.0,0.0,2.0
121587,CN1CCC23C=CC(CC2OC4=C(C=CC(=C34)C1)OC)O.Br,368.271,2.4282,41.93,1.0,4.0,1.0,1.0,4.0,0.5294118,22.0,0.0,0.0,0.0,0.0,0.0,0.0,0.0,2.0,0.0,1.0,0.0
121892,CCOC(=O)NC1=C(C=C(C=C1)NCC2=CC=C(C=C2)F)N,303.337,3.5884,76.38,3.0,4.0,5.0,2.0,2.0,0.1875,22.0,1.0,2.0,0.0,1.0,0.0,0.0,0.0,1.0,0.0,1.0,0.0
123603,CC1OC2(CN3CCC2CC3)CS1.Cl,235.78,1.982,12.47,0.0,3.0,0.0,0.0,4.0,1.0,14.0,0.0,0.0,0.0,0.0,0.0,0.0,0.0,1.0,0.0,1.0,0.0
124087,C1CC2=C(C=CC(=C2)Cl)C(=C3CCNCC3)C4=C1C=CC=N4,310.828,4.0189,24.92,1.0,2.0,0.0,2.0,4.0,0.31578946,22.0,0.0,1.0,0.0,0.0,0.0,0.0,0.0,0.0,0.0,1.0,0.0
129228,C1=CC(=C(C(=C1)F)CN2C=C(N=N2)C(=O)N)F,238.197,0.7035,73.8,1.0,3.0,3.0,2.0,2.0,0.1,17.0,1.0,0.0,0.0,1.0,0.0,0.0,0.0,0.0,0.0,2.0,0.0
129791,CN(C)CCOC1=CC=C(C=C1)CNC(=O)C2=CC(=C(C=C2)OC)OC.Cl,394.899,2.996,60.03,1.0,5.0,9.0,2.0,2.0,0.35,27.0,0.0,1.0,0.0,1.0,0.0,0.0,0.0,3.0,0.0,1.0,0.0
130564,CC1=CN=C(C(=C1OC)C)CS(=O)C2=NC3=C([N-]2)C=CC(=C3)OC.CC1=CN=C(C(=C1OC)C)CS(=O)C2=NC3=C([N-]2)C=CC(=C3)OC.[Mg+2],713.137,4.67688,150.82,0.0,10.0,10.0,6.0,6.0,0.29411766,49.0,0.0,0.0,0.0,0.0,0.0,0.0,0.0,4.0,0.0,0.0,0.0
130881,CCCC1=NC(=C(N1CC2=CC=C(C=C2)C3=CC=CC=C3C4=NNN=N4)C(=O)OCC5=C(OC(=O)O5)C)C(C)(C)O,558.595,4.17002,162.16,2.0,10.0,10.0,5.0,5.0,0.31034482,41.0,0.0,1.0,1.0,0.0,0.0,0.0,0.0,1.0,0.0,0.0,0.0
130904,CC(=O)C1(CCC2C1(CC(C3=C4CCC(=O)C=C4CCC23)C5=CC=C(C=C5)N(C)C)C)OC(=O)C,475.629,5.543,63.68,0.0,5.0,4.0,1.0,5.0,0.56666666,35.0,0.0,0.0,1.0,0.0,0.0,2.0,0.0,1.0,0.0,0.0,0.0
134018,CC1=C(SC(=N1)C2=CC(=C(C=C2)OCC(C)C)C#N)C(=O)O,316.382,3.7232,83.21,1.0,5.0,5.0,2.0,2.0,0.3125,22.0,0.0,0.0,0.0,0.0,0.0,0.0,0.0,1.0,0.0,0.0,1.0
134601,COC(=O)C(CC1=CC=CC=C1)NC(=O)C(CC(=O)O)N,294.307,-0.3111,118.72,3.0,5.0,7.0,1.0,1.0,0.35714287,21.0,1.0,1.0,1.0,1.0,0.0,0.0,0.0,1.0,0.0,0.0,1.0
134780,C1CC(=O)NC(=O)C1N2C(=O)C3=C(C2=O)C(=CC=C3)N,273.248,-0.33,109.57,2.0,5.0,1.0,1.0,3.0,0.23076923,20.0,1.0,1.0,0.0,4.0,0.0,0.0,0.0,0.0,0.0,0.0,0.0
148195,C1CN(CCC1CC(=O)N2CCC(CC2)C3C4=C(CCC5=C3N=CC(=C5)Br)C=C(C=C4Br)Cl)C(=O)N,638.832,5.9099,79.53,1.0,3.0,3.0,2.0,5.0,0.5185185,36.0,1.0,0.0,0.0,3.0,0.0,0.0,0.0,0.0,0.0,3.0,0.0
150311,C1=CC(=CC=C1C2C(C(=O)N2C3=CC=C(C=C3)F)CCC(C4=CC=C(C=C4)F)O)O,409.432,4.8883,60.77,2.0,3.0,6.0,3.0,4.0,0.20833333,30.0,0.0,0.0,0.0,1.0,0.0,0.0,1.0,0.0,0.0,2.0,0.0
154256,CC1=C(N(C2=C1C=C(C=C2)O)CC3=CC=C(C=C3)OCCN4CCCCCC4)C5=CC=C(C=C5)O.CC(=O)O,530.665,6.42192,95.16,3.0,5.0,7.0,4.0,5.0,0.34375,39.0,0.0,0.0,0.0,0.0,0.0,0.0,2.0,1.0,0.0,0.0,1.0
156391,CC(C1=CC2=C(C=C1)C=C(C=C2)OC)C(=O)O,230.263,3.0365,46.53,1.0,2.0,3.0,2.0,2.0,0.21428572,17.0,0.0,0.0,0.0,0.0,0.0,0.0,0.0,1.0,0.0,0.0,1.0
156418,CC(C1=CC=CC2=CC=CC=C21)NCCCC3=CC(=CC=C3)C(F)(F)F.Cl,393.88,6.5638,12.03,1.0,1.0,6.0,3.0,3.0,0.27272728,27.0,0.0,1.0,0.0,0.0,0.0,0.0,0.0,0.0,0.0,4.0,0.0
157920,CCCCC(C1(CCC2C(O1)CC(=O)C2CCCCCCC(=O)O)O)(F)F,390.467,4.3099,83.83,2.0,4.0,11.0,0.0,2.0,0.9,27.0,0.0,0.0,0.0,0.0,0.0,1.0,0.0,1.0,0.0,2.0,1.0
158550,CC(C)(C)C(C(=O)NC(CC1=CC=CC=C1)C(CN(CC2=CC=C(C=C2)C3=CC=CC=N3)NC(=O)C(C(C)(C)C)NC(=O)OC)O)NC(=O)OC.OS(=O)(=O)O,802.948,3.5588,245.82,7.0,11.0,14.0,3.0,3.0,0.4473684,56.0,0.0,4.0,0.0,4.0,0.0,0.0,0.0,2.0,0.0,0.0,0.0
158781,CCCC1=NC(=C(N1CC2=CC=C(C=C2)C3=CC=CC=C3C4=NNN=N4)C(=O)O)C(C)(C)O,446.511,3.6566,129.81,3.0,6.0,8.0,4.0,4.0,0.29166666,33.0,0.0,1.0,0.0,0.0,0.0,0.0,0.0,0.0,0.0,0.0,1.0
159269,CC1=CN(C(=O)NC1=O)C2CC(C(O2)CO)O,242.231,-1.51428,104.55,3.0,5.0,2.0,1.0,2.0,0.6,17.0,0.0,1.0,0.0,0.0,0.0,0.0,0.0,1.0,0.0,0.0,0.0
163701,CCN(CC)C(=O)C1(CC1CN)C2=CC=CC=C2.Cl,282.815,2.1932,46.33,1.0,2.0,5.0,1.0,2.0,0.53333336,19.0,1.0,0.0,0.0,1.0,0.0,0.0,0.0,0.0,0.0,1.0,0.0
163761,CC1=CC(=NC2=C1C(=C(C=C2NC(C)CCCN)OC)OC3=CC=CC(=C3)C(F)(F)F)OC.C(CC(=O)O)C(=O)O,581.588,5.84662,153.23,4.0,8.0,12.0,3.0,3.0,0.39285713,41.0,1.0,1.0,0.0,0.0,0.0,0.0,0.0,3.0,0.0,3.0,2.0
168924,C(=O)([O-])[O-].C(=O)([O-])[O-].C(=O)([O-])[O-].[La+3].[La+3],457.836,-7.341,189.57,0.0,9.0,0.0,0.0,0.0,0.0,14.0,0.0,0.0,0.0,0.0,0.0,0.0,0.0,0.0,0.0,0.0,0.0
169535,CC1=C(C(=O)C=CO1)[O-].CC1=C(C(=O)C=CO1)[O-].CC1=C(C(=O)C=CO1)[O-].[Fe+3],431.154,0.06296,159.81,0.0,9.0,0.0,3.0,3.0,0.16666667,28.0,0.0,0.0,0.0,0.0,0.0,0.0,0.0,0.0,0.0,0.0,0.0
176871,COCCOC1=C(C=C2C(=C1)C(=NC=N2)NC3=CC=CC(=C3)C#C)OCCOC.Cl,429.904,3.8269,74.73,1.0,7.0,10.0,3.0,3.0,0.27272728,30.0,0.0,1.0,0.0,0.0,0.0,0.0,0.0,4.0,0.0,1.0,0.0
179344,CC(=O)OC1CC2=CC=CC=C2N(C3=CC=CC=C13)C(=O)N,296.326,3.0637,72.63,1.0,3.0,1.0,2.0,3.0,0.1764706,22.0,1.0,0.0,1.0,2.0,0.0,0.0,0.0,1.0,0.0,0.0,0.0
181458,CC12CC3CC(C1)(CC(C3)(C2)N)C.Cl,215.768,3.1159,26.02,1.0,1.0,0.0,0.0,4.0,1.0,14.0,1.0,0.0,0.0,0.0,0.0,0.0,0.0,0.0,0.0,1.0,0.0
189729,C1CC(N(C1)C(=O)C(CCCCN)OP(=O)(CCCCC2=CC=CC=C2)O)C(=O)O,440.477,2.7845,130.16,3.0,5.0,13.0,1.0,2.0,0.61904764,30.0,1.0,0.0,0.0,1.0,0.0,0.0,0.0,0.0,0.0,0.0,1.0
193962,CC1=CC(=CC(=C1OC2=NC(=NC(=C2Br)N)NC3=CC=C(C=C3)C#N)C)C#N,435.285,4.7174,120.64,2.0,7.0,4.0,3.0,3.0,0.1,28.0,1.0,1.0,0.0,0.0,0.0,0.0,0.0,1.0,0.0,1.0,0.0
208902,CCC(=O)NCCC1CCC2=C1C3=C(C=C2)OCC3,259.349,2.5676,38.33,1.0,2.0,4.0,1.0,3.0,0.5625,19.0,0.0,1.0,0.0,1.0,0.0,0.0,0.0,1.0,0.0,0.0,0.0
214348,C1=CC=C(C(=C1)C2=NN(C(=N2)C3=CC=CC=C3O)C4=CC=C(C=C4)C(=O)O)O,373.368,3.7107,108.47,3.0,5.0,4.0,4.0,4.0,0.0,28.0,0.0,0.0,0.0,0.0,0.0,0.0,2.0,0.0,0.0,0.0,1.0
214350,COC1=C(C=C(C=C1)Cl)[C@]2(C3=C(C=C(C=C3)C(F)(F)F)NC2=O)F,359.706,4.5326,38.33,1.0,2.0,2.0,2.0,3.0,0.1875,24.0,0.0,1.0,0.0,1.0,0.0,0.0,0.0,1.0,0.0,5.0,0.0
216237,CC1=CC=CC=C1C(=O)NC2=CC(=C(C=C2)C(=O)N3CCCC(C4=C3C=CC(=C4)Cl)O)C,448.95,5.68314,69.64,2.0,3.0,3.0,3.0,4.0,0.23076923,32.0,0.0,1.0,0.0,2.0,0.0,0.0,0.0,0.0,0.0,1.0,0.0
216326,C1CC(=O)NC(=O)C1N2CC3=C(C2=O)C=CC=C3N,259.265,0.0298,92.5,2.0,4.0,1.0,1.0,3.0,0.30769232,19.0,1.0,1.0,0.0,3.0,0.0,0.0,0.0,0.0,0.0,0.0,0.0
216457,C1CN2CCC1C(C2)OC(=O)N3CCC4=CC=CC=C4C3C5=CC=CC=C5.C(CC(=O)O)C(=O)O,480.561,3.8007,107.38,2.0,5.0,5.0,2.0,6.0,0.44444445,35.0,0.0,0.0,0.0,1.0,0.0,0.0,0.0,1.0,0.0,0.0,2.0
219025,CCCCC1=C(C2=C(O1)C=CC(=C2)NS(=O)(=O)C)C(=O)C3=CC=C(C=C3)OCCCN(CCCC)CCCC.Cl,593.23,7.4708,88.85,1.0,6.0,18.0,3.0,3.0,0.516129,40.0,0.0,1.0,0.0,0.0,0.0,1.0,0.0,1.0,0.0,1.0,0.0
219078,CC(=O)NC(COC)C(=O)NCC1=CC=CC=C1,250.298,0.4539,67.43,2.0,3.0,6.0,1.0,1.0,0.3846154,18.0,0.0,2.0,0.0,2.0,0.0,0.0,0.0,1.0,0.0,0.0,0.0
221493,CC(CCC(=O)O)C1CCC2C1(C(CC3C2C(CC4C3(CCC(C4)O)C)O)O)C,408.579,3.4487,97.99,4.0,4.0,4.0,0.0,4.0,0.9583333,29.0,0.0,0.0,0.0,0.0,0.0,0.0,0.0,0.0,0.0,0.0,1.0
406563,CC1=CC=C(C=C1)S(=O)(=O)O.CNC(=O)C1=NC=CC(=C1)OC2=CC=C(C=C2)NC(=O)NC3=CC(=C(C=C3)Cl)C(F)(F)F,637.036,6.79142,146.72,4.0,6.0,6.0,4.0,4.0,0.10714286,43.0,0.0,3.0,0.0,3.0,0.0,0.0,0.0,1.0,0.0,4.0,0.0
441074,COC1=CC2=C(C=CN=C2C=C1)C(C3CC4CCN3CC4C=C)O,324.424,3.1732,45.59,1.0,4.0,4.0,2.0,5.0,0.45,24.0,0.0,0.0,0.0,0.0,0.0,0.0,0.0,1.0,0.0,0.0,0.0
441300,C1CC1NC2=C3C(=NC(=N2)N)N(C=N3)C4CC(C=C4)CO,286.339,1.0923,101.88,3.0,6.0,4.0,2.0,4.0,0.5,21.0,1.0,1.0,0.0,0.0,0.0,0.0,0.0,0.0,0.0,0.0,0.0
441308,CC(C)NCC(COC1=CC=C(C=C1)CCOC)O.CC(C)NCC(COC1=CC=C(C=C1)CCOC)O.C(C(C(=O)O)O)(C(=O)O)O,684.824,1.1038,216.5,8.0,12.0,21.0,2.0,2.0,0.5882353,48.0,0.0,2.0,0.0,0.0,0.0,0.0,0.0,4.0,0.0,0.0,2.0
441358,CNCCC=C1C2=CC=CC=C2CCC3=CC=CC=C31.Cl,299.845,4.2482,12.03,1.0,1.0,3.0,2.0,3.0,0.2631579,21.0,0.0,1.0,0.0,0.0,0.0,0.0,0.0,0.0,0.0,1.0,0.0
443872,CC12CCC(=O)C=C1CC(C3C24C(O4)CC5(C3CCC56CCC(=O)O6)C)C(=O)OC,414.498,3.1245,82.2,0.0,6.0,1.0,0.0,6.0,0.7916667,30.0,0.0,0.0,2.0,0.0,0.0,1.0,0.0,3.0,1.0,0.0,0.0
443953,CCC1C(C(C(C(=O)C(CC(C(C(C(C(C(=O)O1)C)OC2CC(C(C(O2)C)O)(C)OC)C)OC3C(C(CC(O3)C)N(C)C)OC(=O)CCC(=O)OCC)(C)O)C)C)O)(C)O,862.064,2.6798,226.28,4.0,17.0,12.0,0.0,3.0,0.90697676,60.0,0.0,0.0,3.0,0.0,0.0,1.0,0.0,8.0,0.0,0.0,0.0
444030,C1CN(CC1C(C2=CC=CC=C2)(C3=CC=CC=C3)C(=O)N)CCC4=CC5=C(C=C4)OCC5.Br,507.472,4.5354,55.56,1.0,3.0,7.0,3.0,5.0,0.32142857,33.0,1.0,0.0,0.0,1.0,0.0,0.0,0.0,1.0,0.0,1.0,0.0
445643,CC1CC(C2C(CC(C(O2)(C(=O)C(=O)N3CCCCC3C(=O)OC(C(C(CC(=O)C(C=C(C1)C)CC=C)O)C)C(=CC4CCC(C(C4)OC)O)C)O)C)OC)OC,804.031,4.639,178.36,3.0,12.0,7.0,0.0,4.0,0.77272725,57.0,0.0,0.0,1.0,1.0,0.0,2.0,0.0,5.0,0.0,0.0,0.0
446987,CC1C(O1)P(=O)(O)O,138.059,-0.0911,70.06,2.0,2.0,1.0,0.0,1.0,1.0,8.0,0.0,0.0,0.0,0.0,0.0,0.0,0.0,1.0,1.0,0.0,0.0
447043,CCC1C(C(C(N(CC(CC(C(C(C(C(C(=O)O1)C)OC2CC(C(C(O2)C)O)(C)OC)C)OC3C(C(CC(O3)C)N(C)C)O)(C)O)C)C)C)O)(C)O,748.996,1.9007,180.08,5.0,14.0,7.0,0.0,3.0,0.9736842,52.0,0.0,0.0,1.0,0.0,0.0,0.0,0.0,6.0,0.0,0.0,0.0
447715,CCC1C2CC(CCC2(C3CCC4(C(C3C1O)CCC4C(C)CCC(=O)O)C)C)O,420.634,5.114,77.76,3.0,3.0,5.0,0.0,4.0,0.96153843,30.0,0.0,0.0,0.0,0.0,0.0,0.0,0.0,0.0,0.0,0.0,1.0
449193,C1CC1COC2=C(C=CC(=C2)C(=O)NC3=C(C=NC=C3Cl)Cl)OC(F)F,403.212,5.0309,60.45,1.0,4.0,7.0,2.0,3.0,0.29411766,26.0,0.0,1.0,0.0,1.0,0.0,0.0,0.0,2.0,0.0,4.0,0.0
456199,C1C(COC2=NC(=CN21)[N+](=O)[O-])OCC3=CC=C(C=C3)OC(F)(F)F,359.26,2.6677,88.65,0.0,6.0,5.0,2.0,3.0,0.35714287,25.0,0.0,0.0,0.0,0.0,0.0,0.0,0.0,3.0,0.0,3.0,0.0
464205,CC(CN1C=NC2=C(N=CN=C21)N)OCP(=O)(O)O,287.216,-0.0512,136.38,3.0,6.0,5.0,2.0,2.0,0.44444445,19.0,1.0,0.0,0.0,0.0,0.0,0.0,0.0,1.0,0.0,0.0,0.0
493570,CC1=CC2=C(C=C1C)N(C3=NC(=O)NC(=O)C3=N2)CC(C(C(CO)O)O)O,376.369,-1.72356,161.56,5.0,8.0,5.0,1.0,3.0,0.4117647,27.0,0.0,1.0,0.0,0.0,0.0,0.0,0.0,0.0,0.0,0.0,0.0
637568,COC(=O)C=CC(=O)OC,144.126,-0.1114,52.6,0.0,4.0,2.0,0.0,0.0,0.33333334,10.0,0.0,0.0,2.0,0.0,0.0,0.0,0.0,2.0,0.0,0.0,0.0
656631,CN1CCCC1CC2=CNC3=C2C=C(C=C3)CCS(=O)(=O)C4=CC=CC=C4.Br,463.441,4.3989,53.17,1.0,3.0,6.0,3.0,4.0,0.36363637,28.0,0.0,1.0,0.0,0.0,0.0,0.0,0.0,0.0,0.0,1.0,0.0
969472,CN1CCN(CC1)C(=O)OC2C3=NC=CN=C3C(=O)N2C4=NC=C(C=C4)Cl,388.815,1.568,91.76,0.0,7.0,2.0,2.0,4.0,0.3529412,27.0,0.0,0.0,0.0,2.0,0.0,0.0,0.0,1.0,0.0,1.0,0.0
1349907,CN1C=CNC1=S,114.173,1.08269,20.72,1.0,1.0,0.0,1.0,1.0,0.25,7.0,0.0,1.0,0.0,0.0,0.0,0.0,0.0,0.0,0.0,0.0,0.0
1549000,C1CN(CCN1CCOCC(=O)O)C(C2=CC=CC=C2)C3=CC=C(C=C3)Cl,388.895,3.1482,53.01,1.0,4.0,8.0,2.0,3.0,0.3809524,27.0,0.0,0.0,0.0,0.0,0.0,0.0,0.0,1.0,0.0,1.0,1.0
2724385,CC1C(C(CC(O1)OC2C(OC(CC2O)OC3C(OC(CC3O)OC4CCC5(C(C4)CCC6C5CC(C7(C6(CCC7C8=CC(=O)OC8)O)C)O)C)C)C)O)O,780.949,2.2181,203.06,6.0,14.0,7.0,0.0,8.0,0.9268293,55.0,0.0,0.0,1.0,0.0,0.0,0.0,0.0,7.0,0.0,0.0,0.0
3000540,CCCC1CC(N(C1)C)C(=O)NC(C2C(C(C(C(O2)SC)O)O)O)C(C)O,406.545,-0.857,122.49,5.0,8.0,7.0,0.0,2.0,0.9444444,27.0,0.0,1.0,0.0,1.0,0.0,0.0,0.0,1.0,0.0,0.0,0.0
3001055,CNC(=C[N+](=O)[O-])NCCSCC1=CC=C(O1)CN(C)C,314.411,1.459,83.58,2.0,7.0,10.0,1.0,1.0,0.53846157,21.0,0.0,2.0,0.0,0.0,0.0,0.0,0.0,0.0,0.0,0.0,0.0
3002977,CC1=NN=C(N1C2CC3CCC(C2)N3CCC(C4=CC=CC=C4)NC(=O)C5CCC(CC5)(F)F)C(C)C,513.677,5.95092,63.05,1.0,4.0,8.0,2.0,5.0,0.6896552,37.0,0.0,1.0,0.0,1.0,0.0,0.0,0.0,0.0,0.0,2.0,0.0
3014803,C(N(CO)CO)O,107.109,-1.8622,63.93,3.0,4.0,3.0,0.0,0.0,1.0,7.0,0.0,0.0,0.0,0.0,0.0,0.0,0.0,0.0,0.0,0.0,0.0
3033332,CNC(=C[N+](=O)[O-])NCCSCC1=CC=C(O1)CN(C)C.Cl,350.872,1.8808,83.58,2.0,7.0,10.0,1.0,1.0,0.53846157,22.0,0.0,2.0,0.0,0.0,0.0,0.0,0.0,0.0,0.0,1.0,0.0
3033637,CNC(=C[N+](=O)[O-])NCCSCC1=CSC(=N1)CN(C)C,331.467,1.3225,83.33,2.0,8.0,10.0,1.0,1.0,0.5833333,21.0,0.0,2.0,0.0,0.0,0.0,0.0,0.0,0.0,0.0,0.0,0.0
3033924,CC1COC2=C3N1C=C(C(=O)C3=CC(=C2N4CCN(CC4)C)F)C(=O)O.CC1COC2=C3N1C=C(C(=O)C3=CC(=C2N4CCN(CC4)C)F)C(=O)O.O,740.761,2.2633,181.52,2.0,10.0,4.0,4.0,8.0,0.44444445,53.0,0.0,0.0,0.0,0.0,0.0,0.0,0.0,2.0,0.0,2.0,2.0
3036505,C1=CC=C(C=C1)C(=C(C2=CC=CC=C2)C3=CC=C(C=C3)OCCO)CCCl,378.899,5.6457,29.46,1.0,2.0,8.0,3.0,3.0,0.16666667,27.0,0.0,0.0,0.0,0.0,0.0,0.0,0.0,1.0,0.0,1.0,0.0
3045381,CN(CCCN1CCC2=CC(=C(C=C2CC1=O)OC)OC)CC3CC4=CC(=C(C=C34)OC)OC.Cl,505.055,3.7318,60.47,0.0,6.0,10.0,2.0,4.0,0.5185185,35.0,0.0,0.0,0.0,1.0,0.0,0.0,0.0,4.0,0.0,1.0,0.0
3052775,CS(=O)(=O)O.C#CCNC1CCC2=CC=CC=C12,267.35,1.4007,66.4,2.0,3.0,2.0,1.0,2.0,0.3846154,18.0,0.0,1.0,0.0,0.0,0.0,0.0,0.0,0.0,0.0,0.0,0.0
3058751,C1=CC=C(C=C1)C(CCN)OC2=CC=C(C=C2)C(F)(F)F,295.304,4.1743,35.25,1.0,2.0,5.0,2.0,2.0,0.25,21.0,1.0,0.0,0.0,0.0,0.0,0.0,0.0,1.0,0.0,3.0,0.0
3062316,CC1=C(C(=CC=C1)Cl)NC(=O)C2=CN=C(S2)NC3=CC(=NC(=N3)C)N4CCN(CC4)CCO,488.017,3.31354,106.51,3.0,9.0,7.0,3.0,4.0,0.36363637,33.0,0.0,2.0,0.0,1.0,0.0,0.0,0.0,0.0,0.0,1.0,0.0
3081361,CN1CCC(CC1)COC2=C(C=C3C(=C2)N=CN=C3NC4=C(C=C(C=C4)Br)F)OC,475.362,5.0042,59.51,1.0,6.0,6.0,3.0,4.0,0.36363637,30.0,0.0,1.0,0.0,0.0,0.0,0.0,0.0,2.0,0.0,2.0,0.0
5018304,C1=CC=C(C(=C1)CC(=O)[O-])NC2=C(C=CC=C2Cl)Cl.[Na+],318.135,0.0334,52.16,1.0,3.0,4.0,2.0,2.0,0.071428575,20.0,0.0,1.0,0.0,0.0,0.0,0.0,0.0,0.0,0.0,2.0,1.0
5280443,C1=CC(=CC=C1C2=CC(=O)C3=C(C=C(C=C3O2)O)O)O,270.24,2.5768,90.9,3.0,5.0,1.0,3.0,3.0,0.0,20.0,0.0,0.0,0.0,0.0,0.0,0.0,3.0,0.0,0.0,0.0,0.0
5280445,C1=CC(=C(C=C1C2=CC(=O)C3=C(C=C(C=C3O2)O)O)O)O,286.239,2.2824,111.13,4.0,6.0,1.0,3.0,3.0,0.0,21.0,0.0,0.0,0.0,0.0,0.0,0.0,4.0,0.0,0.0,0.0,0.0
5280965,CC1C=CC=CC=CC=CC=CC=CC=CC(CC2C(C(CC(O2)(CC(CC(C(CCC(CC(CC(=O)OC(C(C1O)C)C)O)O)O)O)O)O)O)C(=O)O)OC3C(C(C(C(O3)C)O)N)O,924.091,0.7117,319.61,12.0,17.0,3.0,0.0,3.0,0.65957445,65.0,1.0,0.0,1.0,0.0,0.0,0.0,0.0,4.0,0.0,0.0,1.0
5281004,CCCC1OC2CC3C4CCC5=CC(=O)C=CC5(C4C(CC3(C2(O1)C(=O)CO)C)O)C,430.541,2.7168,93.06,2.0,6.0,4.0,0.0,5.0,0.76,31.0,0.0,0.0,0.0,0.0,0.0,2.0,0.0,2.0,0.0,0.0,0.0
5281040,CC(C)(C1=CC=CC=C1CCC(C2=CC=CC(=C2)C=CC3=NC4=C(C=CC(=C4)Cl)C=C3)SCC5(CC5)CC(=O)O)O,586.197,8.948,70.42,2.0,4.0,12.0,4.0,5.0,0.31428573,41.0,0.0,0.0,0.0,0.0,0.0,0.0,0.0,0.0,0.0,1.0,1.0
5281068,CN(C)CCC(C1=CC=C(C=C1)Cl)C2=CC=CC=N2.C(=CC(=O)O)C(=O)O,390.867,3.5304,90.73,2.0,4.0,7.0,2.0,2.0,0.25,27.0,0.0,0.0,0.0,0.0,0.0,0.0,0.0,0.0,0.0,1.0,2.0
5281792,C1=CC(=C(C=C1CC(C(=O)O)OC(=O)C=CC2=CC(=C(C=C2)O)O)O)O,360.318,1.7613,144.52,5.0,7.0,6.0,2.0,2.0,0.11111111,26.0,0.0,0.0,1.0,0.0,0.0,0.0,4.0,1.0,0.0,0.0,1.0
5282379,CC1=C(C(CCC1)(C)C)C=CC(=CC=CC(=CC(=O)O)C)C,300.442,5.6026,37.3,1.0,1.0,5.0,0.0,1.0,0.45,22.0,0.0,0.0,0.0,0.0,0.0,0.0,0.0,0.0,0.0,0.0,1.0
5282455,CC(C)C1=NC(=NC(=C1C=CC(CC(CC(=O)[O-])O)O)C2=CC=C(C=C2)F)N(C)S(=O)(=O)C.CC(C)C1=NC(=NC(=C1C=CC(CC(CC(=O)[O-])O)O)C2=CC=C(C=C2)F)N(C)S(=O)(=O)C.[Ca+2],1001.154,1.7532,287.5,4.0,16.0,20.0,4.0,4.0,0.4090909,67.0,0.0,0.0,0.0,0.0,0.0,0.0,0.0,0.0,0.0,2.0,2.0
5284359,[Cl-].[Cl-].[Ca+2],110.984,-6.3728,0.0,0.0,0.0,0.0,0.0,0.0,0.0,3.0,0.0,0.0,0.0,0.0,0.0,0.0,0.0,0.0,0.0,2.0,0.0
5284583,CCC(C(=O)N)N1CCCC1=O,170.212,-0.1273,63.4,1.0,2.0,3.0,0.0,1.0,0.75,12.0,1.0,0.0,0.0,2.0,0.0,0.0,0.0,0.0,0.0,0.0,0.0
5288227,C(=CC(=O)[O-])C(=O)[O-],114.056,-2.9576,80.26,0.0,4.0,2.0,0.0,0.0,0.0,8.0,0.0,0.0,0.0,0.0,0.0,0.0,0.0,0.0,0.0,0.0,2.0
5288826,CN1CCC23C4C1CC5=C2C(=C(C=C5)O)OC3C(C=C4)O,285.343,1.1981,52.93,2.0,4.0,0.0,1.0,5.0,0.5294118,21.0,0.0,0.0,0.0,0.0,0.0,0.0,1.0,1.0,0.0,0.0,0.0
5311027,CCNC(=O)CCCC=CCC1C(CC(C1C=CC(CCC2=CC=CC=C2)O)O)O,415.574,3.1469,89.79,4.0,4.0,12.0,1.0,2.0,0.56,30.0,0.0,1.0,0.0,1.0,0.0,0.0,0.0,0.0,0.0,0.0,0.0
5311037,CCN1C2=C(C(=O)N(C1=O)CC)N(C(=N2)C=CC3=CC(=C(C=C3)OC)OC)C,384.436,2.1241,80.28,0.0,5.0,6.0,3.0,3.0,0.35,28.0,0.0,0.0,0.0,0.0,0.0,0.0,0.0,2.0,0.0,0.0,0.0
5311083,CC1=CN=C(C(=C1OC)C)CS(=O)C2=NC3=C([N-]2)C=CC(=C3)OC.CC1=CN=C(C(=C1OC)C)CS(=O)C2=NC3=C([N-]2)C=CC(=C3)OC.[Mg+2],713.137,4.67688,150.82,0.0,10.0,10.0,6.0,6.0,0.29411766,49.0,0.0,0.0,0.0,0.0,0.0,0.0,0.0,4.0,0.0,0.0,0.0
5311304,C1CC(C1)CN2CCC34C5C(CCC3(C2CC6=C4C(=C(C=C6)O)O5)O)O,357.45,1.7073,73.16,3.0,5.0,2.0,1.0,6.0,0.71428573,26.0,0.0,0.0,0.0,0.0,0.0,0.0,1.0,1.0,0.0,0.0,0.0
5311454,CC(C)(C)C(C=CC1=CC2=C(C=C1)OCO2)O,234.295,2.8355,38.69,1.0,3.0,2.0,1.0,2.0,0.42857143,17.0,0.0,0.0,0.0,0.0,0.0,0.0,0.0,2.0,0.0,0.0,0.0
5312125,CC(CC1=CC2=C(C(=C1)C(=O)N)N(CC2)CCCO)NCCOC3=CC=CC=C3OCC(F)(F)F,495.542,3.0711,97.05,3.0,6.0,13.0,2.0,3.0,0.48,35.0,1.0,1.0,0.0,1.0,0.0,0.0,0.0,2.0,0.0,3.0,0.0
5330286,CC1=C(C(=O)N(C2=NC(=NC=C12)NC3=NC=C(C=C3)N4CCNCC4)C5CCCC5)C(=O)C,447.543,2.96582,105.04,2.0,8.0,5.0,3.0,5.0,0.45833334,33.0,0.0,2.0,0.0,0.0,0.0,1.0,0.0,0.0,0.0,0.0,0.0
5359227,CN1CCC23C4C1CC5=C2C(=C(C=C5)OC)OC3C(C=C4)O.OP(=O)(O)O,397.364,0.5725,119.69,4.0,5.0,1.0,1.0,5.0,0.5555556,27.0,0.0,0.0,0.0,0.0,0.0,0.0,0.0,2.0,0.0,0.0,0.0
5361917,C[N+]1(CCC23C4C(=O)CCC2(C1CC5=C3C(=C(C=C5)O)O4)O)CC6CC6.[Br-],436.346,-1.326,66.76,2.0,4.0,2.0,1.0,6.0,0.6666667,27.0,0.0,0.0,0.0,0.0,0.0,1.0,1.0,1.0,0.0,1.0,0.0
5362065,C=CC1=C(N2C(C(C2=O)NC(=O)C(=NOCC(=O)O)C3=CSC(=N3)N)SC1)C(=O)O,453.458,-0.5448,184.51,4.0,10.0,8.0,1.0,3.0,0.25,30.0,1.0,1.0,0.0,2.0,0.0,0.0,0.0,0.0,0.0,0.0,2.0
5362119,C1CC(N(C1)C(=O)C(CCCCN)NC(CCC2=CC=CC=C2)C(=O)O)C(=O)O,405.495,1.2352,132.96,4.0,5.0,12.0,1.0,2.0,0.5714286,29.0,1.0,1.0,0.0,1.0,0.0,0.0,0.0,0.0,0.0,0.0,2.0
5388962,CCOC(=O)C(CCC1=CC=CC=C1)NC(C)C(=O)N2CCCC2C(=O)O,376.453,1.6046,95.94,2.0,5.0,9.0,1.0,2.0,0.55,27.0,0.0,1.0,1.0,1.0,0.0,0.0,0.0,1.0,0.0,0.0,1.0
5479530,CN1C(=NC(=O)C(=O)N1)SCC2=C(N3C(C(C3=O)NC(=O)C(=NOC)C4=CSC(=N4)N)SC2)C(=O)O,554.592,-1.6113,214.96,4.0,13.0,8.0,2.0,4.0,0.33333334,36.0,1.0,2.0,0.0,2.0,0.0,0.0,0.0,0.0,0.0,0.0,1.0
5486971,CC(C)CC(CC(=O)O)CN,159.229,1.0821,63.32,2.0,2.0,5.0,0.0,0.0,0.875,11.0,1.0,0.0,0.0,0.0,0.0,0.0,0.0,0.0,0.0,0.0,1.0
5488548,CC1CN(CCC1(C)C2=CC(=CC=C2)O)CC(CC3=CC=CC=C3)C(=O)NCC(=O)O,424.541,3.0514,89.87,3.0,4.0,8.0,2.0,3.0,0.44,31.0,0.0,1.0,0.0,1.0,0.0,0.0,1.0,0.0,0.0,0.0,1.0
5491577,C=CC1=C(N2C(C(C2=O)NC(=O)C(=NOCC(=O)O)C3=CSC(=N3)N)SC1)C(=O)O.O.O.O,507.503,-3.0189,279.01,4.0,10.0,8.0,1.0,3.0,0.25,33.0,1.0,1.0,0.0,2.0,0.0,0.0,0.0,0.0,0.0,0.0,2.0
5702160,C1=C(N=C(S1)N=C(N)N)CSCCC(=NS(=O)(=O)N)N,337.456,-0.768,175.83,4.0,6.0,7.0,1.0,1.0,0.375,20.0,4.0,0.0,0.0,0.0,0.0,0.0,0.0,0.0,0.0,0.0,0.0
6093208,[OH-].[OH-].[Ca+2],74.092,-0.7344,60.0,0.0,2.0,0.0,0.0,0.0,0.0,3.0,0.0,0.0,0.0,0.0,0.0,0.0,0.0,0.0,0.0,0.0,0.0
6321416,CC(OC(=O)C)OC(=O)C1=C(CSC2N1C(=O)C2NC(=O)C(=NOC)C3=CC=CO3)COC(=O)N,510.481,-0.1683,189.06,2.0,12.0,9.0,1.0,3.0,0.4,35.0,1.0,1.0,2.0,3.0,0.0,0.0,0.0,3.0,0.0,0.0,0.0
6324616,CC1C=CC=C(C(=O)NC2=CC(=C3C(=C2O)C(=C(C4=C3C(=O)C(O4)(OC=CC(C(C(C(C(C(C1O)C)O)C)OC(=O)C)C)OC)C)C)O)O)C,697.778,4.75412,201.31,6.0,12.0,2.0,2.0,5.0,0.4864865,50.0,0.0,1.0,1.0,1.0,0.0,1.0,3.0,4.0,0.0,0.0,0.0
6328154,CC(=O)O.C(C(C(C(C(C=O)O)O)O)O)O.[Na],263.198,-3.6687,155.52,6.0,7.0,5.0,0.0,0.0,0.75,17.0,0.0,0.0,0.0,0.0,1.0,0.0,0.0,0.0,0.0,0.0,1.0
6436173,CC1C=CC=C(C(=O)NC2=C(C3=C(C4=C(C(=C3O)C)OC(C4=O)(OC=CC(C(C(C(C(C(C1O)C)O)C)OC(=O)C)C)OC)C)C5=C2N6C=CC(=CC6=N5)C)O)C,785.891,6.15784,198.38,5.0,12.0,2.0,4.0,6.0,0.44186047,57.0,0.0,1.0,1.0,1.0,0.0,1.0,2.0,4.0,0.0,0.0,0.0
6442177,CC1CCC2CC(C(=CC=CC=CC(CC(C(=O)C(C(C(=CC(C(=O)CC(OC(=O)C3CCCCN3C(=O)C(=O)C1(O2)O)C(C)CC4CCC(C(C4)OC)OCCO)C)C)O)OC)C)C)C)OC,958.24,6.1972,204.66,3.0,14.0,9.0,0.0,4.0,0.754717,68.0,0.0,0.0,1.0,1.0,0.0,3.0,0.0,6.0,0.0,0.0,0.0
6450551,CNC(=O)C1=CC=CC=C1SC2=CC3=C(C=C2)C(=NN3)C=CC4=CC=CC=N4,386.48,4.6391,70.67,2.0,4.0,5.0,4.0,4.0,0.045454547,28.0,0.0,2.0,0.0,1.0,0.0,0.0,0.0,0.0,0.0,0.0,0.0
6450800,CCCCN(CCCC)CC(C1=CC(=CC2=C1C3=C(C2=CC4=CC=C(C=C4)Cl)C=C(C=C3)Cl)Cl)O.CC1CCC2C(C(OC3C24C1CCC(O3)(OO4)C)OC)C,827.33,11.9925,69.62,1.0,7.0,11.0,3.0,9.0,0.5652174,56.0,0.0,0.0,0.0,0.0,0.0,0.0,0.0,3.0,0.0,3.0,0.0
6451150,C1CN2C(=NN=C2C(F)(F)F)CN1C(=O)CC(CC3=CC(=C(C=C3F)F)F)N.OP(=O)(O)O,505.312,1.0879,154.8,4.0,5.0,4.0,2.0,3.0,0.4375,33.0,1.0,0.0,0.0,1.0,0.0,0.0,0.0,0.0,0.0,6.0,0.0
6456015,CCN(CC)CCNC(=O)C1=C(NC(=C1C)C=C2C3=C(C=CC(=C3)F)NC2=O)C.C(C(C(=O)O)O)C(=O)O,532.569,2.24154,172.06,6.0,6.0,10.0,2.0,3.0,0.3846154,38.0,0.0,3.0,0.0,2.0,0.0,0.0,0.0,0.0,0.0,1.0,2.0
6474107,CC1CCC2(C(C3C(O2)C(C4C3(CCC5C4CCC6C5(CC(C(C6)OC7C(C(C(C(O7)CO)OC8C(C(C(C(O8)CO)O)OC9C(C(C(CO9)O)O)O)OC2C(C(C(C(O2)CO)O)OC2C(C(C(C(O2)CO)O)O)O)O)O)O)O)C)C)O)C)OC1,1229.323,-6.5045,454.67,17.0,29.0,14.0,0.0,11.0,1.0,85.0,0.0,0.0,0.0,0.0,0.0,0.0,0.0,12.0,0.0,0.0,0.0
6842999,CC1CS(=O)(=O)CCN1N=CC2=CC=C(O2)[N+](=O)[O-],287.297,0.6406,106.02,0.0,7.0,3.0,1.0,2.0,0.5,19.0,0.0,0.0,0.0,0.0,0.0,0.0,0.0,0.0,0.0,0.0,0.0
6850754,COC1C(C(C(OC1C(=O)O)OC2C(C(C(OC2C(=O)O)OC)O)O)O)O,398.317,-3.9044,201.67,6.0,11.0,6.0,0.0,2.0,0.85714287,27.0,0.0,0.0,0.0,0.0,0.0,0.0,0.0,5.0,0.0,0.0,2.0
6917875,CN1CC2C(C1)C3=C(C=CC(=C3)Cl)OC4=CC=CC=C24.C(=CC(=O)O)C(=O)O,401.846,3.9703,87.07,2.0,4.0,2.0,2.0,4.0,0.23809524,28.0,0.0,0.0,0.0,0.0,0.0,0.0,0.0,1.0,0.0,1.0,2.0
6918248,C1CN(CCN1CCN2C3=CC=CC=C3NC2=O)C4=CC=CC(=C4)C(F)(F)F,390.409,3.1706,44.27,1.0,3.0,4.0,3.0,4.0,0.35,28.0,0.0,1.0,0.0,0.0,0.0,0.0,0.0,0.0,0.0,3.0,0.0
6918313,C1CN(CCN1CCCCC2=CNC3=C2C=C(C=C3)C#N)C4=CC5=C(C=C4)OC(=C5)C(=O)N.Cl,477.996,4.45138,102.29,2.0,5.0,7.0,4.0,5.0,0.30769232,34.0,1.0,1.0,0.0,1.0,0.0,0.0,0.0,0.0,0.0,1.0,0.0
6918427,CC(C)C(CC1=CC(=C(C=C1)OC)OCCCOC)CC(C(CC(C(C)C)C(=O)NCC(C)(C)C(=O)N)O)N.CC(C)C(CC1=CC(=C(C=C1)OC)OCCCOC)CC(C(CC(C(C)C)C(=O)NCC(C)(C)C(=O)N)O)N.C(=CC(=O)O)C(=O)O,1219.61,6.2988,366.86,10.0,16.0,40.0,2.0,2.0,0.6875,86.0,4.0,2.0,0.0,4.0,0.0,0.0,0.0,6.0,0.0,0.0,2.0
6918486,CCC1C(=O)N(CC(=O)N(C(C(=O)NC(C(=O)N(C(C(=O)NC(C(=O)NC(C(=O)N(C(C(=O)N(C(C(=O)N(C(C(=O)N(C(C(=O)N1)C(C(C)CC=CC=C)O)C)C(C)C)C)CC(C)C)C)CC(C)C)C)C)C)CC(C)C)C)C(C)C)CC(C)C)C)C,1214.646,3.4351,278.8,5.0,12.0,16.0,0.0,1.0,0.7619048,86.0,0.0,4.0,0.0,11.0,0.0,0.0,0.0,0.0,0.0,0.0,0.0
6918493,CC1=CC(=NC(=N1)OC(C(=O)O)C(C2=CC=CC=C2)(C3=CC=CC=C3)OC)C,378.428,3.51564,81.54,1.0,5.0,7.0,3.0,3.0,0.22727273,28.0,0.0,0.0,0.0,0.0,0.0,0.0,0.0,2.0,0.0,0.0,1.0
9552079,C1=CC(=CC=C1NC(=NC(=NCCCCCCN=C(N)N=C(N)NC2=CC=C(C=C2)Cl)N)N)Cl,505.458,3.3366,177.58,6.0,2.0,9.0,2.0,2.0,0.27272728,34.0,4.0,2.0,0.0,0.0,0.0,0.0,0.0,0.0,0.0,2.0,0.0
9578005,CC1=C(C=CN=C1CS(=O)C2=NC3=CC=CC=C3N2)OCC(F)(F)F,369.368,3.51522,67.87,1.0,4.0,5.0,3.0,3.0,0.25,25.0,0.0,1.0,0.0,0.0,0.0,0.0,0.0,1.0,0.0,3.0,0.0
9588170,CON=C1CN(CC1CN)C2=C(C=C3C(=O)C(=CN(C3=N2)C4CC4)C(=O)O)F.CS(=O)(=O)O,485.494,0.47,177.41,3.0,9.0,5.0,2.0,4.0,0.47368422,33.0,1.0,0.0,0.0,0.0,0.0,0.0,0.0,0.0,0.0,1.0,1.0
9800068,CN(C)CC(C1=CC=C(C=C1)O)C2(CCCCC2)O.C(CC(=O)O)C(=O)O,381.469,2.6684,118.3,4.0,5.0,7.0,1.0,2.0,0.6,27.0,0.0,0.0,0.0,0.0,0.0,0.0,1.0,0.0,0.0,0.0,2.0
9821849,CC(=O)OC1CCC2(C3CCC4(C(C3CC=C2C1)CC=C4C5=CN=CC=C5)C)C,391.555,5.9694,39.19,0.0,3.0,2.0,1.0,5.0,0.61538464,29.0,0.0,0.0,1.0,0.0,0.0,0.0,0.0,1.0,0.0,0.0,0.0
9832912,CC1CC(=CCC2CC(CC3(O2)CC(=NOC)C(C(O3)C(=CC(C)C)C)C)OC(=O)C4C=C(C(C5C4(C(=CC=C1)CO5)O)O)C)C,639.83,5.7289,116.04,2.0,9.0,3.0,0.0,5.0,0.6756757,46.0,0.0,0.0,1.0,0.0,0.0,0.0,0.0,4.0,0.0,0.0,0.0
9837243,CCCC1CC(=O)N(C1)C(CC)C(=O)N,212.293,0.8989,63.4,1.0,2.0,5.0,0.0,1.0,0.8181818,15.0,1.0,0.0,0.0,2.0,0.0,0.0,0.0,0.0,0.0,0.0,0.0
9838021,CCC(C1=CC(=CC=C1)O)C(C)CN(C)C.Cl,257.805,3.5053,23.47,1.0,2.0,5.0,1.0,1.0,0.5714286,17.0,0.0,0.0,0.0,0.0,0.0,0.0,1.0,0.0,0.0,1.0,0.0
9844225,CC(=O)OC1C=CC2C3CC4=C5C2(C1OC5=C(C=C4)OC(=O)C)CCN3C.Cl,405.878,2.4104,65.07,0.0,6.0,2.0,1.0,5.0,0.52380955,28.0,0.0,0.0,2.0,0.0,0.0,0.0,0.0,3.0,0.0,1.0,0.0
9849808,CC(C)C(=O)OC1=C(C=C(C=C1)CO)C(CCN(C(C)C)C(C)C)C2=CC=CC=C2.C(=CC(=O)O)C(=O)O,527.658,5.0929,124.37,3.0,6.0,12.0,2.0,2.0,0.43333334,38.0,0.0,0.0,1.0,0.0,0.0,0.0,0.0,1.0,0.0,0.0,2.0
9865528,C1=CC=C(C=C1)C(CNCCC2=CC=C(C=C2)NC(=O)CC3=CSC(=N3)N)O,396.516,2.7722,100.27,4.0,6.0,9.0,3.0,3.0,0.23809524,28.0,1.0,2.0,0.0,1.0,0.0,0.0,0.0,0.0,0.0,0.0,0.0
9869929,COC1=C(C=C(C=C1)CNC2=NC(=NC=C2C(=O)NCC3=NC=CC=N3)N4CCCC4CO)Cl,483.96,2.4318,125.39,3.0,9.0,9.0,3.0,4.0,0.3478261,34.0,0.0,2.0,0.0,1.0,0.0,0.0,0.0,1.0,0.0,1.0,0.0
9871419,CCCSC1=NC(=C2C(=N1)N(N=N2)C3CC(C(C3O)O)OCCO)NC4CC4C5=CC(=C(C=C5)F)F,522.578,2.0137,138.44,4.0,10.0,10.0,3.0,5.0,0.5652174,36.0,0.0,1.0,0.0,0.0,0.0,0.0,0.0,1.0,0.0,2.0,0.0
9874560,CCCCC(=O)OC1CCC2C1(CCC3C2CCC4=C3C=CC(=C4)O)C.CC12CCC3=C4CCC(=O)C=C4CCC3C1CCC2(CC#N)O,667.931,9.18748,107.62,2.0,6.0,5.0,1.0,8.0,0.6976744,49.0,0.0,0.0,1.0,0.0,0.0,1.0,1.0,1.0,0.0,0.0,0.0
9875401,C1COCC(=O)N1C2=CC=C(C=C2)N3CC(OC3=O)CNC(=O)C4=CC=C(S4)Cl,435.889,2.5199,88.18,1.0,6.0,5.0,2.0,4.0,0.31578946,29.0,0.0,1.0,0.0,3.0,0.0,0.0,0.0,2.0,0.0,1.0,0.0
9883933,CC(C)C(=O)OC(C)OC(=O)NCC1(CCCCC1)CC(=O)O,329.393,2.683,101.93,2.0,5.0,7.0,0.0,1.0,0.8125,23.0,0.0,1.0,1.0,1.0,0.0,0.0,0.0,2.0,0.0,0.0,1.0
9913767,CC(C)N(CCCCOCC(=O)NS(=O)(=O)C)C1=CN=C(C(=N1)C2=CC=CC=C2)C3=CC=CC=C3,496.633,3.898,101.49,1.0,7.0,12.0,3.0,3.0,0.34615386,35.0,0.0,1.0,0.0,1.0,0.0,0.0,0.0,1.0,0.0,0.0,0.0
9918581,C1CCC(CC1)N2CCN(CC2)C3=C(N=C(S3)NC(=O)C4=CC(=C(N=C4)N5CCC(CC5)C(=O)O)Cl)C6=CC(=CS6)Cl.C(=CC(=O)O)C(=O)O,765.742,6.2932,176.5,4.0,11.0,9.0,3.0,6.0,0.45454547,50.0,0.0,1.0,0.0,1.0,0.0,0.0,0.0,0.0,0.0,2.0,3.0
9924495,C1=CC=C(C=C1)N2C=C(C=C(C2=O)C3=CC=CC=C3C#N)C4=CC=CC=N4,349.393,4.43818,58.68,0.0,3.0,3.0,4.0,4.0,0.0,27.0,0.0,0.0,0.0,0.0,0.0,0.0,0.0,0.0,0.0,0.0,0.0
9933004,C1CC2=C(C=CC(=C2)F)OC1C(CNCC(C3CCC4=C(O3)C=CC(=C4)F)O)O.Cl,441.902,2.7854,70.95,3.0,5.0,6.0,2.0,4.0,0.45454547,30.0,0.0,1.0,0.0,0.0,0.0,0.0,0.0,2.0,0.0,3.0,0.0
9941095,CC1=CC=C(C=C1)S(=O)(=O)O.CC1=CC=C(C=C1)S(=O)(=O)O.CS(=O)(=O)CCNCC1=CC=C(O1)C2=CC3=C(C=C2)N=CN=C3NC4=CC(=C(C=C4)OCC5=CC(=CC=C5)F)Cl,925.479,8.62254,215.09,4.0,12.0,13.0,7.0,7.0,0.1627907,62.0,0.0,2.0,0.0,0.0,0.0,0.0,0.0,1.0,0.0,2.0,0.0
9989226,[O-2].[O-2].[O-2].[Al+3].[Al+3],101.961,-1.118,85.5,0.0,0.0,0.0,0.0,0.0,0.0,5.0,0.0,0.0,0.0,0.0,0.0,0.0,0.0,0.0,0.0,0.0,0.0
9997821,CC1(C(N2C(S1(=O)=O)CC2=O)C(=O)OCOC(=O)C(C)(C)C)C,347.389,0.2104,107.05,0.0,7.0,3.0,0.0,2.0,0.78571427,23.0,0.0,0.0,2.0,1.0,0.0,0.0,0.0,2.0,0.0,0.0,0.0
10034073,CCC1C=C(C(CC=CC=C(C(=O)OC(CC=C(C=C(C1OC2C(C(C(C(O2)(C)C)OC(=O)C(C)C)O)O)C)C)C(C)O)COC3C(C(C(C(O3)C)OC(=O)C4=C(C(=C(C(=C4O)Cl)O)Cl)CC)O)OC)O)C,1058.052,6.2344,266.66,7.0,18.0,13.0,1.0,4.0,0.63461536,72.0,0.0,0.0,3.0,0.0,0.0,0.0,2.0,8.0,0.0,2.0,0.0
10077129,CCOC(=O)NC1CCC2C(C1)CC3C(C2C=CC4=NC=C(C=C4)C5=CC(=CC=C5)F)C(OC3=O)C.OS(=O)(=O)O,590.67,4.9767,152.12,3.0,7.0,5.0,2.0,5.0,0.4827586,41.0,0.0,1.0,1.0,1.0,0.0,0.0,0.0,2.0,0.0,1.0,0.0
10096344,CC#CCN1C2=C(N=C1N3CCCC(C3)N)N(C(=O)N(C2=O)CC4=NC5=CC=CC=C5C(=N4)C)C,472.553,1.14742,116.86,1.0,7.0,4.0,4.0,5.0,0.4,35.0,1.0,0.0,0.0,0.0,0.0,0.0,0.0,0.0,0.0,0.0,0.0
10130337,C1=CC=C(C=C1)CC(COC(=O)N)N,194.234,0.6517,78.34,2.0,3.0,4.0,1.0,1.0,0.3,14.0,2.0,0.0,0.0,1.0,0.0,0.0,0.0,1.0,0.0,0.0,0.0
10158453,CC(=O)OC1=CC2=C(S1)CCN(C2)C(C3=CC=CC=C3F)C(=O)C4CC4.Cl,409.91,4.3128,46.61,0.0,5.0,5.0,2.0,4.0,0.4,27.0,0.0,0.0,1.0,0.0,0.0,1.0,0.0,1.0,0.0,2.0,0.0
10174505,CC1CCN(CC1N(C)C2=NC=NC3=C2C=CN3)C(=O)CC#N.C(C(=O)O)C(CC(=O)O)(C(=O)O)O,504.5,0.29628,221.04,5.0,9.0,8.0,2.0,3.0,0.5,36.0,0.0,1.0,0.0,1.0,0.0,0.0,0.0,0.0,0.0,0.0,3.0
10176082,[OH-].[OH-].[OH-].[Al+3],78.003,-0.9112,90.0,0.0,3.0,0.0,0.0,0.0,0.0,4.0,0.0,0.0,0.0,0.0,0.0,0.0,0.0,0.0,0.0,0.0,0.0
10182969,COC1=CC=C(C=C1)N2C3=C(CCN(C3=O)C4=CC=C(C=C4)N5CCCCC5=O)C(=N2)C(=O)N,459.506,2.6996,110.76,1.0,5.0,5.0,3.0,5.0,0.28,34.0,1.0,0.0,0.0,3.0,0.0,0.0,0.0,1.0,0.0,0.0,0.0
10220503,CCC(=O)NCC1CC1C2=C3CCOC3=CC=C2,245.322,2.2512,38.33,1.0,2.0,4.0,1.0,3.0,0.53333336,18.0,0.0,1.0,0.0,1.0,0.0,0.0,0.0,1.0,0.0,0.0,0.0
10288191,CN1C=NC2=C1C=C(C(=C2F)NC3=C(C=C(C=C3)Br)F)C(=O)NOCCO,441.232,3.0113,88.41,3.0,5.0,6.0,3.0,3.0,0.1764706,27.0,0.0,2.0,0.0,1.0,0.0,0.0,0.0,0.0,0.0,3.0,0.0
10324367,CC1(C2C1C(N(C2)C(=O)C(C(C)(C)C)NC(=O)NC(C)(C)C)C(=O)NC(CC3CCC3)C(=O)C(=O)N)C,519.687,1.7112,150.7,4.0,5.0,8.0,0.0,3.0,0.8148148,37.0,1.0,3.0,0.0,5.0,0.0,1.0,0.0,0.0,0.0,0.0,0.0
10348973,CN(C)CC1=C(SC2=C1C(=O)N(C(=O)N2CC3=C(C=CC=C3F)F)C4=NN=C(C=C4)OC)C5=CC=C(C=C5)NC(=O)NOC,623.642,3.7505,132.61,2.0,9.0,9.0,5.0,5.0,0.20689656,44.0,0.0,2.0,0.0,2.0,0.0,0.0,0.0,1.0,0.0,2.0,0.0
10472693,CC(C)(CCCCCC(CCCCCC(C)(C)C(=O)O)O)C(=O)O,344.492,4.4699,94.83,3.0,3.0,14.0,0.0,0.0,0.8947368,24.0,0.0,0.0,0.0,0.0,0.0,0.0,0.0,0.0,0.0,0.0,2.0
11001318,C1=CC2=C(C=C1C(=O)O)OC(=N2)C3=CC(=CC(=C3)Cl)Cl,308.12,4.4998,63.33,1.0,3.0,2.0,3.0,3.0,0.0,20.0,0.0,0.0,0.0,0.0,0.0,0.0,0.0,0.0,0.0,2.0,1.0
11167602,CNC(=O)C1=NC=CC(=C1)OC2=CC(=C(C=C2)NC(=O)NC3=CC(=C(C=C3)Cl)C(F)(F)F)F,482.821,5.6888,92.35,3.0,4.0,5.0,3.0,3.0,0.0952381,33.0,0.0,3.0,0.0,3.0,0.0,0.0,0.0,1.0,0.0,5.0,0.0
11237860,C1CCC(C(C1)CN2CCN(CC2)C3=NSC4=CC=CC=C43)CN5C(=O)C6C7CCC(C7)C6C5=O.Cl,529.15,4.6776,56.75,0.0,6.0,5.0,2.0,7.0,0.6785714,36.0,0.0,0.0,0.0,2.0,0.0,0.0,0.0,0.0,0.0,1.0,0.0
11250029,CC1=CC(=CC(=C1CC(C(=O)N(CC2=CC(=C(C=C2)OC)C(=O)O)C(C)C3=NC=C(N3)C4=CC=CC=C4)N)C)C(=O)N,569.662,4.15904,164.63,4.0,6.0,11.0,4.0,4.0,0.25,42.0,2.0,1.0,0.0,2.0,0.0,0.0,0.0,1.0,0.0,0.0,1.0
11251522,C1CC1C2=NC3=CC=CC=C3C(=C2C=CC(CC(CC(=O)[O-])O)O)C4=CC=C(C=C4)F.C1CC1C2=NC3=CC=CC=C3C(=C2C=CC(CC(CC(=O)[O-])O)O)C4=CC=C(C=C4)F.[Ca+2],880.998,5.986,186.96,4.0,10.0,16.0,6.0,8.0,0.28,63.0,0.0,0.0,0.0,0.0,0.0,0.0,0.0,0.0,0.0,2.0,2.0
11274333,CS(=O)(=O)O.C1CN(CCC1NC(=O)C2=CC=CC=C2C3=CC=C(C=C3)C(F)(F)F)CCCCC4(C5=CC=CC=C5C6=CC=CC=C64)C(=O)NCC(F)(F)F,789.839,7.8861,115.81,3.0,5.0,10.0,4.0,6.0,0.35,55.0,0.0,2.0,0.0,2.0,0.0,0.0,0.0,0.0,0.0,6.0,0.0
11304743,CN(C1=C(N=C(N=C1N)C2=NN(C3=C2C=CC=N3)CC4=CC=CC=C4F)N)C(=O)OC,422.424,2.4427,138.07,2.0,8.0,4.0,4.0,4.0,0.15,31.0,2.0,0.0,0.0,1.0,0.0,0.0,0.0,1.0,0.0,1.0,0.0
11363176,CCCN=C1N(C(=O)C(=CC2=CC(=C(C=C2)OCC(CO)O)Cl)S1)C3=CC=CC=C3C,460.983,4.26732,82.36,2.0,6.0,8.0,2.0,3.0,0.3043478,31.0,0.0,0.0,0.0,1.0,0.0,0.0,0.0,1.0,0.0,1.0,0.0
11434065,CCCCCCOC(=O)N=C(C1=CC=C(C=C1)NCC2=NC3=C(N2C)C=CC(=C3)C(=O)N(CCC(=O)OCC)C4=CC=CC=N4)N.CS(=O)(=O)O,723.853,5.1066,208.4,3.0,10.0,15.0,4.0,4.0,0.37142858,51.0,1.0,1.0,1.0,2.0,0.0,0.0,0.0,2.0,0.0,0.0,0.0
11476460,CN1N=C(N=N1)C2=NC=C(C=C2)C3=C(C=C(C=C3)N4CC(OC4=O)COP(=O)(O)O)F,450.323,1.5127,152.79,2.0,8.0,6.0,3.0,4.0,0.23529412,31.0,0.0,0.0,0.0,1.0,0.0,0.0,0.0,1.0,0.0,1.0,0.0
11511120,COC1=C(C=C2C(=C1)N=CN=C2NC3=CC(=C(C=C3)F)Cl)NC(=O)C=CCN4CCCCC4,469.948,5.1551,79.38,2.0,6.0,7.0,3.0,4.0,0.29166666,33.0,0.0,2.0,0.0,1.0,0.0,0.0,0.0,1.0,0.0,2.0,0.0
11525740,CC1=C(C=C(C=C1)NC2=NC=CC(=N2)N(C)C3=CC4=NN(C(=C4C=C3)C)C)S(=O)(=O)N.Cl,473.99,3.56084,119.03,2.0,7.0,5.0,4.0,4.0,0.1904762,32.0,1.0,1.0,0.0,0.0,0.0,0.0,0.0,0.0,0.0,1.0,0.0
11547978,CC1=CC(=NO1)NC(=O)NC2=C(C=C(C=C2)OC3=C4C=C(C(=CC4=NC=C3)OC)OC)Cl.O.Cl,509.346,5.23522,139.24,2.0,7.0,6.0,4.0,4.0,0.13636364,34.0,0.0,2.0,0.0,2.0,0.0,0.0,0.0,3.0,0.0,2.0,0.0
11551689,C1CCN(CC1)CCCOCCCC2=CC=C(C=C2)Cl.Cl,332.315,4.587,12.47,0.0,2.0,8.0,1.0,2.0,0.64705884,21.0,0.0,0.0,0.0,0.0,0.0,0.0,0.0,1.0,0.0,2.0,0.0
11561674,CCOC1=C(C=CC(=C1)C(CS(=O)(=O)C)N2C(=O)C3=C(C2=O)C(=CC=C3)NC(=O)C)OC,460.508,2.4342,119.08,1.0,7.0,8.0,2.0,3.0,0.3181818,32.0,0.0,1.0,0.0,3.0,0.0,0.0,0.0,2.0,0.0,0.0,0.0
11597697,CC(CC1=CC=CC=C1)NC(=O)C(CCCCN)N.CS(=O)(=O)O.CS(=O)(=O)O,455.599,0.1981,189.88,5.0,7.0,8.0,1.0,1.0,0.5882353,29.0,2.0,1.0,0.0,1.0,0.0,0.0,0.0,0.0,0.0,0.0,0.0
11625818,CCC(C1=NC2=C(C(=CC=C2)F)C(=O)N1C3=CC=CC=C3)NC4=NC=NC5=C4NC=N5,415.432,3.7543,101.38,2.0,6.0,5.0,5.0,5.0,0.13636364,31.0,0.0,2.0,0.0,0.0,0.0,0.0,0.0,0.0,0.0,1.0,0.0
11626560,CC(C1=C(C=CC(=C1Cl)F)Cl)OC2=C(N=CC(=C2)C3=CN(N=C3)C4CCNCC4)N,450.345,5.0377,77.99,2.0,5.0,5.0,3.0,4.0,0.33333334,30.0,1.0,1.0,0.0,0.0,0.0,0.0,0.0,1.0,0.0,3.0,0.0
11644097,C1C(C(C(C(N1)CO)O)O)O.Cl,199.634,-2.545,92.95,5.0,5.0,1.0,0.0,1.0,1.0,12.0,0.0,1.0,0.0,0.0,0.0,0.0,0.0,0.0,0.0,1.0,0.0
11672491,CC(C)COC1=CC=C(C=C1)CNC(=O)N(CC2=CC=C(C=C2)F)C3CCN(CC3)C.CC(C)COC1=CC=C(C=C1)CNC(=O)N(CC2=CC=C(C=C2)F)C3CCN(CC3)C.C(C(C(=O)O)O)(C(=O)O)O,1005.214,7.2104,204.68,6.0,10.0,19.0,4.0,6.0,0.4814815,72.0,0.0,2.0,0.0,4.0,0.0,0.0,0.0,2.0,0.0,2.0,2.0
11673085,CC1CNCCC2=C1C=C(C=C2)Cl.Cl,232.154,3.011,12.03,1.0,1.0,0.0,1.0,2.0,0.45454547,14.0,0.0,1.0,0.0,0.0,0.0,0.0,0.0,0.0,0.0,2.0,0.0
11711114,CC1=CC(=CC(=C1NC2=NC(=NC=C2)NC3=CC=C(C=C3)C#N)C)C=CC#N.Cl,402.889,5.4109,97.42,2.0,6.0,5.0,3.0,3.0,0.09090909,29.0,0.0,2.0,0.0,0.0,0.0,0.0,0.0,0.0,0.0,1.0,0.0
11751549,CCCCC1=NC(=C(N1CC2=CC=C(C=C2)C3=CC=CC=C3C4=NN=N[N-]4)CO)Cl.[K+],461.01,0.8999,90.82,1.0,5.0,8.0,4.0,4.0,0.27272728,31.0,0.0,0.0,0.0,0.0,0.0,0.0,0.0,0.0,0.0,1.0,0.0
11949652,CC1=NN(C(=C1)N2CCN(CC2)C3CC(NC3)C(=O)N4CCSC4)C5=CC=CC=C5,426.59,1.56612,56.64,1.0,6.0,4.0,2.0,5.0,0.54545456,30.0,0.0,1.0,0.0,1.0,0.0,0.0,0.0,0.0,0.0,0.0,0.0
11978813,C1CN(CCN1CCCCOC2=CC3=C(C=C2)C=CC(=O)N3)C4=C5C=CSC5=CC=C4,433.577,4.724,48.57,1.0,5.0,7.0,4.0,5.0,0.32,31.0,0.0,1.0,0.0,0.0,0.0,0.0,0.0,1.0,0.0,0.0,0.0
11990828,CN1CCN(CC1)CCCOC2=C(C=C3C(=C2)N=CC(=C3NC4=CC(=C(C=C4Cl)Cl)OC)C#N)OC.O,548.471,4.36568,114.38,1.0,8.0,9.0,3.0,4.0,0.3846154,37.0,0.0,1.0,0.0,0.0,0.0,0.0,0.0,3.0,0.0,2.0,0.0
14055602,COC1C(OC(C(C1O)O)OC2C(OC(C(C2O)O)OC)CO)CO,370.351,-4.089,167.53,6.0,11.0,6.0,0.0,2.0,1.0,25.0,0.0,0.0,0.0,0.0,0.0,0.0,0.0,5.0,0.0,0.0,0.0
14720269,CC1=C(C=CN=C1CS(=O)C2=NC3=CC=CC=C3[N-]2)OCCCOC.[Na+],381.433,-0.37748,75.41,0.0,5.0,8.0,3.0,3.0,0.33333334,26.0,0.0,0.0,0.0,0.0,0.0,0.0,0.0,2.0,0.0,0.0,0.0
15008962,COC1=C(C(=NC=C1)CS(=O)C2=NC3=C([N-]2)C=CC(=C3)OC(F)F)OC.[Na+],405.358,-0.4826,84.64,0.0,6.0,7.0,3.0,3.0,0.25,27.0,0.0,0.0,0.0,0.0,0.0,0.0,0.0,3.0,0.0,2.0,0.0
15606394,CN(C)CC=CC(=O)NC1=C(C=C2C(=C1)C(=NC=N2)NC3=CC(=C(C=C3)F)Cl)OC4CCOC4.C(=CC(=O)O)C(=O)O.C(=CC(=O)O)C(=O)O,718.091,3.8135,237.81,6.0,11.0,12.0,3.0,4.0,0.21875,50.0,0.0,2.0,0.0,1.0,0.0,0.0,0.0,2.0,0.0,2.0,4.0
15951529,CC1(C(=O)N(C(=S)N1C2=CC(=C(C=C2)C(=O)NC)F)C3=CC(=C(C=C3)C#N)C(F)(F)F)C,464.444,3.99248,76.44,1.0,4.0,3.0,2.0,3.0,0.23809524,32.0,0.0,1.0,0.0,2.0,0.0,0.0,0.0,0.0,0.0,4.0,0.0
16004692,CCCNS(=O)(=O)NC1=C(C(=NC=N1)OCCOC2=NC=C(C=N2)Br)C3=CC=C(C=C3)Br,588.282,3.5727,128.22,2.0,8.0,11.0,3.0,3.0,0.2631579,32.0,0.0,2.0,0.0,0.0,0.0,0.0,0.0,2.0,0.0,2.0,0.0
16088021,CN1C(=O)C=C(N(C1=O)CC2=CC=CC=C2C#N)N3CCCC(C3)N.C1=CC=C(C=C1)C(=O)O,461.522,1.77928,134.35,2.0,6.0,4.0,3.0,4.0,0.28,34.0,1.0,0.0,0.0,0.0,0.0,0.0,0.0,0.0,0.0,0.0,1.0
16124688,C1C2C1C3C=CC2C4C3C(=O)N(C4=O)NC(=O)C5=CC=C(C=C5)C(F)(F)F,376.334,2.4033,66.48,1.0,3.0,2.0,1.0,6.0,0.42105263,27.0,0.0,1.0,0.0,3.0,0.0,0.0,0.0,0.0,0.0,3.0,0.0
16158208,CC1C(=O)NC2CSSCC3C(=O)NC(C(=O)NC(C(=O)NC(CSSCC(NC(=O)CNC(=O)C(NC2=O)C(C)O)C(=O)NC(CC4=CC=C(C=C4)O)C(=O)O)C(=O)NC(CSSCC(C(=O)N3)N)C(=O)NC(C(=O)N5CCCC5C(=O)N1)CC(=O)N)CC6=CC=C(C=C6)O)CCC(=O)O,1526.767,-5.9392,573.91,19.0,26.0,13.0,2.0,6.0,0.5254237,101.0,2.0,12.0,0.0,14.0,0.0,0.0,2.0,0.0,0.0,0.0,2.0
16203739,CC(C1=CC(=CC(=C1)C(F)(F)F)C(F)(F)F)OCC2(CCC3(CCC(=O)N3)CN2)C4=CC=CC=C4.O.Cl,554.959,5.3266,81.86,2.0,3.0,5.0,2.0,4.0,0.48,37.0,0.0,2.0,0.0,1.0,0.0,0.0,0.0,1.0,0.0,7.0,0.0
16214875,CN1C=NC2=C1C=C(C(=C2F)NC3=C(C=C(C=C3)Br)Cl)C(=O)NOCCO.OS(=O)(=O)O,555.766,2.8728,163.01,5.0,7.0,6.0,3.0,3.0,0.1764706,32.0,0.0,2.0,0.0,1.0,0.0,0.0,0.0,0.0,0.0,3.0,0.0
16220172,CC(C)(C)C1=CC(=C(C=C1NC(=O)C2=CNC3=CC=CC=C3C2=O)O)C(C)(C)C,392.499,5.081,82.19,3.0,3.0,2.0,3.0,3.0,0.33333334,29.0,0.0,2.0,0.0,1.0,0.0,0.0,1.0,0.0,0.0,0.0,0.0
16757572,CC1=C(C=C(C=C1)C(=O)NC2=CC(=CC(=C2)C(F)(F)F)N3C=C(N=C3)C)NC4=NC=CC(=N4)C5=CN=CC=C5.O.Cl,584.002,5.95294,129.12,2.0,6.0,6.0,5.0,5.0,0.10714286,41.0,0.0,2.0,0.0,1.0,0.0,0.0,0.0,0.0,0.0,4.0,0.0
17397714,COC1=CC=CC=C1CNC(=O)C2=NOC(=C2)C3=CC=CC=C3,308.337,3.2802,64.36,1.0,4.0,5.0,3.0,3.0,0.11111111,23.0,0.0,1.0,0.0,1.0,0.0,0.0,0.0,1.0,0.0,0.0,0.0
17747012,CC1=CN=C(C(=C1OC)C)CS(=O)C2=NC3=C([N-]2)C=CC(=C3)OC.CC1=CN=C(C(=C1OC)C)CS(=O)C2=NC3=C([N-]2)C=CC(=C3)OC.O.O.[Mg+2],749.167,3.02748,213.82,0.0,10.0,10.0,6.0,6.0,0.29411766,51.0,0.0,0.0,0.0,0.0,0.0,0.0,0.0,4.0,0.0,0.0,0.0
18004026,CC1=CC=C(C=C1)C2=C(N3C=C(C=CC3=N2)C)CC(=O)N(C)C.C(C(C(=O)O)O)(C(=O)O)O,457.483,1.12624,152.67,4.0,6.0,6.0,3.0,3.0,0.3043478,33.0,0.0,0.0,0.0,1.0,0.0,0.0,0.0,0.0,0.0,0.0,2.0
23663870,C(CC(=O)[O-])CO.[Na+],126.087,-4.4872,60.36,1.0,3.0,3.0,0.0,0.0,0.75,8.0,0.0,0.0,0.0,0.0,0.0,0.0,0.0,0.0,0.0,0.0,1.0
23665037,C1=C(C=C(C(=C1I)OC2=CC(=C(C(=C2)I)O)I)I)CC(C(=O)[O-])N.O.O.O.O.O.[Na+],888.929,-3.8969,253.11,2.0,5.0,5.0,2.0,2.0,0.13333334,30.0,1.0,0.0,0.0,0.0,0.0,0.0,1.0,1.0,0.0,4.0,1.0
23668479,CC1=NN=C(O1)C(=O)NC(C)(C)C2=NC(=C(C(=O)N2C)[O-])C(=O)NCC3=CC=C(C=C3)F.[K+],482.513,-2.71648,155.07,2.0,8.0,6.0,3.0,3.0,0.3,33.0,0.0,2.0,0.0,2.0,0.0,0.0,0.0,0.0,0.0,1.0,0.0
23670359,CCCCCN(C)CCC(O)(P(=O)(O)O)P(=O)(O)[O-].[Na+],341.213,-3.128,141.36,4.0,5.0,9.0,0.0,0.0,1.0,20.0,0.0,0.0,0.0,0.0,0.0,0.0,0.0,0.0,0.0,0.0,0.0
23681451,CCC(=O)OC(C(C)C)OP(=O)(CCCCC1=CC=CC=C1)CC(=O)N2CC(CC2C(=O)[O-])C3CCCCC3.[Na+],585.654,1.7906,113.04,0.0,7.0,14.0,1.0,3.0,0.7,40.0,0.0,0.0,1.0,1.0,0.0,0.0,0.0,1.0,0.0,0.0,1.0
23699544,CCOC1=NC2=CC=CC(=C2N1CC3=CC=C(C=C3)C4=CC=CC=C4C5=NOC(=O)[N-]5)C(=O)OCC6=C(OC(=O)O6)C.[K+],606.632,1.33832,153.9,0.0,10.0,9.0,6.0,6.0,0.16666667,43.0,0.0,0.0,1.0,0.0,0.0,0.0,0.0,2.0,0.0,0.0,0.0
23725083,CCO.CC(C)CN(CC(C(CC1=CC=CC=C1)NC(=O)OC2COC3C2CCO3)O)S(=O)(=O)C4=CC=C(C=C4)N,593.743,2.3739,160.65,4.0,9.0,11.0,2.0,4.0,0.55172414,41.0,1.0,1.0,0.0,1.0,0.0,0.0,0.0,3.0,0.0,0.0,0.0
23725423,CC1=C(C2=CC=CC=C2N1)CCNCC3=CC=C(C=C3)C=CC(=O)NO.CC(C(=O)O)O,439.512,2.77902,134.68,6.0,5.0,8.0,3.0,3.0,0.25,32.0,0.0,3.0,0.0,1.0,0.0,0.0,0.0,0.0,0.0,0.0,1.0
23725625,C1CC1C(=O)N2CCN(CC2)C(=O)C3=C(C=CC(=C3)CC4=NNC(=O)C5=CC=CC=C54)F,434.471,2.3474,86.37,1.0,4.0,4.0,3.0,5.0,0.33333334,32.0,0.0,1.0,0.0,2.0,0.0,0.0,0.0,0.0,0.0,1.0,0.0
24755604,CCCCC(=O)N(CC1=CC=C(C=C1)C2=CC=CC=C2C3=NN=N[N-]3)C(C(C)C)C(=O)[O-].CCOC(=O)C(C)CC(CC1=CC=C(C=C1)C2=CC=CC=C2)NC(=O)CCC(=O)[O-].O.[Na+].[Na+].[Na+],930.987,-4.8563,240.24,1.0,11.0,21.0,5.0,5.0,0.375,66.0,0.0,1.0,1.0,2.0,0.0,0.0,0.0,1.0,0.0,0.0,2.0
24776445,CS(=O)(=O)C1=CC(=C(C=C1)C(=O)NC2=CC(=C(C=C2)Cl)C3=CC=CC=N3)Cl,421.305,4.7112,76.13,1.0,4.0,4.0,3.0,3.0,0.05263158,27.0,0.0,1.0,0.0,1.0,0.0,0.0,0.0,0.0,0.0,2.0,0.0
24785956,CC1=C(C(=O)N(C(=O)N1CC2=C(C=CC=C2F)C(F)(F)F)CC(C3=CC=CC=C3)NCCCC(=O)[O-])C4=C(C(=CC=C4)OC)F.[Na+],653.58,1.20432,105.39,1.0,6.0,12.0,4.0,4.0,0.28125,46.0,0.0,1.0,0.0,0.0,0.0,0.0,0.0,1.0,0.0,5.0,1.0
24812732,CN(C)CCC(C1=CC=CC2=CC=CC=C21)(C(C3=CC=CC=C3)C4=C(N=C5C=CC(=CC5=C4)Br)OC)O.C(=CC(=O)O)C(=O)O,671.588,6.8423,120.19,3.0,6.0,10.0,5.0,5.0,0.19444445,45.0,0.0,0.0,0.0,0.0,0.0,0.0,0.0,1.0,0.0,1.0,2.0
24812758,CC1=C(C=C(C=C1)C2C(C(C(C(O2)CO)O)O)O)CC3=CC=C(S3)C4=CC=C(C=C4)F,444.524,2.96832,90.15,4.0,6.0,5.0,3.0,4.0,0.33333334,31.0,0.0,0.0,0.0,0.0,0.0,0.0,0.0,1.0,0.0,1.0,0.0
24821094,C=CC(=O)N1CCCC(C1)N2C3=NC=NC(=C3C(=N2)C4=CC=C(C=C4)OC5=CC=CC=C5)N,440.507,4.2173,99.16,1.0,6.0,5.0,4.0,5.0,0.2,33.0,1.0,0.0,0.0,1.0,0.0,0.0,0.0,1.0,0.0,0.0,0.0
24872560,CNC(=O)C1=C(C=C(C=C1)N2C(=S)N(C(=O)C23CCC3)C4=CC(=C(N=C4)C#N)C(F)(F)F)F,477.443,3.53158,89.33,1.0,5.0,3.0,2.0,4.0,0.2857143,33.0,0.0,1.0,0.0,2.0,0.0,0.0,0.0,0.0,0.0,4.0,0.0
24883443,[H+].C1=C(N=C(S1)N=C(N)N)CSCCC(=NS(=O)(=O)N)N.[Cl-],373.917,-3.6515,175.83,4.0,6.0,7.0,1.0,1.0,0.375,21.0,4.0,0.0,0.0,0.0,0.0,0.0,0.0,0.0,0.0,1.0,0.0
24906252,CCOC1=CC=C(C=C1)CC2=C(C=CC(=C2)C3C(C(C(C(O3)CO)O)O)O)Cl.CC(CO)O.O,502.988,0.3792,171.34,6.0,8.0,7.0,2.0,3.0,0.5,34.0,0.0,0.0,0.0,0.0,0.0,0.0,0.0,2.0,0.0,1.0,0.0
24965990,CC1CCN(CCN1C(=O)C2=C(C=CC(=C2)C)N3N=CC=N3)C4=NC5=C(O4)C=CC(=C5)Cl,450.93,4.11132,80.29,0.0,6.0,3.0,4.0,5.0,0.3043478,32.0,0.0,0.0,0.0,1.0,0.0,0.0,0.0,0.0,0.0,1.0,0.0
24970412,CNCC(C(C(C(CO)O)O)O)O.C1=CC2=C(C=C1C(=O)O)OC(=N2)C3=CC(=CC(=C3)Cl)Cl,503.335,1.1415,176.51,7.0,9.0,8.0,3.0,3.0,0.33333334,33.0,0.0,1.0,0.0,0.0,0.0,0.0,0.0,0.0,0.0,2.0,1.0
25008120,CC1(C(=O)N(C2=C(O1)C=CC(=N2)NC3=NC(=NC=C3F)NC4=CC(=C(C(=C4)OC)OC)OC)COP(=O)([O-])[O-])C.[Na+].[Na+],624.43,-4.1615,192.38,2.0,14.0,10.0,3.0,4.0,0.3043478,42.0,0.0,2.0,0.0,1.0,0.0,0.0,0.0,4.0,0.0,1.0,0.0
25096873,CN(C)C(=O)NC1CCC(CC1)CCN2CCN(CC2)C3=C(C(=CC=C3)Cl)Cl.Cl,463.881,4.7573,38.82,1.0,3.0,5.0,1.0,3.0,0.6666667,29.0,0.0,1.0,0.0,2.0,0.0,0.0,0.0,0.0,0.0,3.0,0.0
25102846,COC1=CC2=C(C=CN=C2C=C1OC)OC3=CC=C(C=C3)NC(=O)C4(CC4)C(=O)NC5=CC=C(C=C5)F.C(C(C(=O)O)O)C(=O)O,635.601,4.4474,193.61,5.0,9.0,11.0,4.0,5.0,0.21875,46.0,0.0,2.0,0.0,2.0,0.0,0.0,0.0,3.0,0.0,1.0,2.0
25127112,C1CCC(C1)C(CC#N)N2C=C(C=N2)C3=C4C=CNC4=NC=N3.OP(=O)(O)O,404.367,2.53778,160.94,4.0,5.0,4.0,3.0,4.0,0.4117647,28.0,0.0,1.0,0.0,0.0,0.0,0.0,0.0,0.0,0.0,0.0,0.0
25141092,CN1CCN(CC1)C2=CC(=C(C=C2)C(=O)NC3=NNC4=C3C=C(C=C4)CC5=CC(=CC(=C5)F)F)NC6CCOCC6,560.649,5.0269,85.52,3.0,6.0,7.0,4.0,6.0,0.3548387,41.0,0.0,3.0,0.0,1.0,0.0,0.0,0.0,1.0,0.0,2.0,0.0
25151352,C1=CC(=NC=C1CC2=CNC3=C2C=C(C=N3)Cl)NCC4=CN=C(C=C4)C(F)(F)F,417.822,5.228,66.49,2.0,4.0,5.0,4.0,4.0,0.15,29.0,0.0,2.0,0.0,0.0,0.0,0.0,0.0,0.0,0.0,4.0,0.0
25154713,CC(C)C(C(=O)N1CCCC1C2=NC=C(N2)C3=CC=C(C=C3)C4=CC=C(C=C4)C5=CN=C(N5)C6CCCN6C(=O)C(C(C)C)NC(=O)OC)NC(=O)OC.Cl.Cl,811.812,7.0656,174.64,4.0,8.0,11.0,4.0,6.0,0.45,56.0,0.0,4.0,0.0,4.0,0.0,0.0,0.0,2.0,0.0,2.0,0.0
25166913,CN1CCC(CC1C2=NC3=CC=CC=C3N2)NC(=O)NC4=CC=C(C=C4)C#N,374.448,3.39158,96.84,3.0,4.0,3.0,3.0,4.0,0.2857143,28.0,0.0,3.0,0.0,2.0,0.0,0.0,0.0,0.0,0.0,0.0,0.0
42611257,CCCS(=O)(=O)NC1=C(C(=C(C=C1)F)C(=O)C2=CNC3=C2C=C(C=N3)C4=CC=C(C=C4)Cl)F,489.931,5.5442,91.92,2.0,4.0,7.0,4.0,4.0,0.13043478,33.0,0.0,2.0,0.0,0.0,0.0,1.0,0.0,0.0,0.0,3.0,0.0
44205240,CCS(=O)(=O)N1CC(C1)(CC#N)N2C=C(C=N2)C3=C4C=CNC4=NC=N3,371.426,1.09568,120.56,1.0,6.0,5.0,3.0,4.0,0.375,26.0,0.0,1.0,0.0,0.0,0.0,0.0,0.0,0.0,0.0,0.0,0.0
44232548,CC(C)C1=NC(=CS1)CN(C)C(=O)NC(CCN2CCOCC2)C(=O)NC(CCC(CC3=CC=CC=C3)NC(=O)OCC4=CN=CS4)CC5=CC=CC=C5.CC(C)C(CO)N1C=C(C(=O)C2=C1C=C(C(=C2)CC3=C(C(=CC=C3)Cl)F)OC)C(=O)O.CC(C)OC(=O)OCOP(=O)(COC(C)CN1C=NC2=C(N=CN=C21)N)OCOC(=O)OC(C)C.C1C(OC(S1)CO)N2C=C(C(=NC2=O)N)F.C(=CC(=O)O)C(=O)O,2106.703,12.5741,577.19,10.0,36.0,43.0,10.0,12.0,0.44680852,144.0,2.0,3.0,0.0,4.0,0.0,0.0,0.0,9.0,0.0,3.0,3.0
44472635,C1CC(NC1CC2=CC=C(C=C2)NC(=O)C3CCC4=NC=CC(=O)N34)C(C5=CC=CC=C5)O,444.535,2.766,96.25,3.0,5.0,6.0,3.0,5.0,0.34615386,33.0,0.0,2.0,0.0,1.0,0.0,0.0,0.0,0.0,0.0,0.0,0.0
44516822,CC(C)(C)C1=NC(=C(S1)C2=NC(=NC=C2)N)C3=C(C(=CC=C3)NS(=O)(=O)C4=C(C=CC=C4F)F)F.CS(=O)(=O)O,615.681,4.8689,165.23,3.0,9.0,5.0,4.0,4.0,0.20833333,40.0,1.0,1.0,0.0,0.0,0.0,0.0,0.0,0.0,0.0,3.0,0.0
44610678,CC1=CC=C(C=C1)S(=O)(=O)O.CN1CCC2=C(C1)SC(=N2)C(=O)NC3CC(CCC3NC(=O)C(=O)NC4=NC=C(C=C4)Cl)C(=O)N(C)C,720.274,2.53132,191.0,4.0,10.0,6.0,3.0,5.0,0.41935483,48.0,0.0,3.0,0.0,4.0,0.0,0.0,0.0,0.0,0.0,1.0,0.0
44630049,C1(C(C(OC(C1O)OC2C(C(C(OC2C(=O)O)OC3C(C(C(OC3C(=O)[O-])O)O)O)O)O)C(=O)[O-])O)O.[Ca+2],584.449,-10.3463,325.55,9.0,18.0,7.0,0.0,3.0,0.8333333,38.0,0.0,0.0,0.0,0.0,0.0,0.0,0.0,5.0,0.0,0.0,3.0
45138699,CC1CN(CC(O1)C)C2=NC=C(C=C2)NC(=O)C3=CC=CC(=C3C)C4=CC=C(C=C4)OC(F)(F)F.OP(=O)(O)O.OP(=O)(O)O,681.494,3.96432,219.21,7.0,7.0,5.0,3.0,4.0,0.30769232,45.0,0.0,1.0,0.0,1.0,0.0,0.0,0.0,2.0,0.0,3.0,0.0
45375808,CC(C)OC(=O)C(C)NP(=O)(OCC1C(C(C(O1)N2C=CC(=O)NC2=O)(C)F)O)OC3=CC=CC=C3,529.458,1.6565,158.18,3.0,9.0,10.0,2.0,3.0,0.5,36.0,0.0,2.0,1.0,0.0,0.0,0.0,0.0,2.0,0.0,1.0,0.0
46188928,C1CC(N(C1)C2=NC3=C(C=NN3C=C2)NC(=O)N4CCC(C4)O)C5=C(C=CC(=C5)F)F,428.443,2.9475,86.0,2.0,5.0,3.0,3.0,5.0,0.3809524,31.0,0.0,1.0,0.0,2.0,0.0,0.0,0.0,0.0,0.0,2.0,0.0
46215800,CC1COC2N1C(=O)C3=C(C(=O)C(=CN3C2)C(=O)NCC4=C(C=C(C=C4)F)F)[O-].[Na+],427.339,-2.6653,103.7,1.0,5.0,3.0,2.0,4.0,0.31578946,30.0,0.0,1.0,0.0,2.0,0.0,0.0,0.0,1.0,0.0,2.0,0.0
46216142,CC1CCOC2N1C(=O)C3=C(C(=O)C(=CN3C2)C(=O)NCC4=C(C=C(C=C4)F)F)[O-].[Na+],441.366,-2.2752,103.7,1.0,5.0,3.0,2.0,4.0,0.35,31.0,0.0,1.0,0.0,2.0,0.0,0.0,0.0,1.0,0.0,2.0,0.0
46700774,CN1CCC(CC1)COC2=CN=C(N=C2)C3=CC=CC(=C3)CN4C(=O)C=CC(=N4)C5=CC=CC(=C5)C#N.O.Cl,547.059,3.60498,128.43,0.0,7.0,7.0,4.0,5.0,0.27586207,39.0,0.0,0.0,0.0,0.0,0.0,0.0,0.0,1.0,0.0,1.0,0.0
46700777,CCC1=C(C=CC(=C1)C(=NOCC2=CC(=C(C=C2)C3CCCCC3)C(F)(F)F)C)CN4CC(C4)C(=O)O.CCC1=C(C=CC(=C1)C(=NOCC2=CC(=C(C=C2)C3CCCCC3)C(F)(F)F)C)CN4CC(C4)C(=O)O.C(=CC(=O)O)C(=O)O,1149.28,13.2572,198.86,4.0,10.0,20.0,4.0,8.0,0.48387095,82.0,0.0,0.0,0.0,0.0,0.0,0.0,0.0,0.0,0.0,6.0,4.0
46783232,C1C2CNCC1C3=CC4=NC=CN=C4C=C23.C(C(C(=O)O)O)(C(=O)O)O,361.354,-0.3187,152.87,5.0,7.0,3.0,2.0,4.0,0.4117647,26.0,0.0,1.0,0.0,0.0,0.0,0.0,0.0,0.0,0.0,0.0,2.0
46783235,C1C2CN(CC1C3=CC4=NC=CN=C4C=C23)C5C(C(C(C(O5)CO)O)O)O,373.409,-0.6838,119.17,4.0,8.0,2.0,2.0,5.0,0.57894737,27.0,0.0,0.0,0.0,0.0,0.0,0.0,0.0,1.0,0.0,0.0,0.0
46783236,C1C2CNC(=O)C1C3=CC4=NC=CN=C4C=C23,225.251,1.3305,54.88,1.0,3.0,0.0,2.0,4.0,0.30769232,17.0,0.0,1.0,0.0,1.0,0.0,0.0,0.0,0.0,0.0,0.0,0.0
46866715,CC1=C(C=CC2=C1N=C(C=C2OC3CC4C(C3)C(=O)N(CCCCC=CC5CC5(NC4=O)C(=O)[N-]S(=O)(=O)C6CC6)C)C7=NC(=CS7)C(C)C)OC.[Na+],771.938,3.04222,158.96,1.0,10.0,8.0,3.0,7.0,0.55263156,53.0,0.0,1.0,0.0,3.0,0.0,0.0,0.0,2.0,0.0,0.0,0.0
46892186,CC1=NN(C=N1)C2=NC=C(C3=C2N(C=C3C(=O)C(=O)N4CCN(CC4)C(=O)C5=CC=CC=C5)COP(=O)(O)O)OC.C(C(CO)(CO)N)O,704.634,-1.17108,268.92,6.0,13.0,11.0,4.0,5.0,0.37931034,49.0,1.0,0.0,0.0,2.0,0.0,1.0,0.0,1.0,0.0,0.0,0.0
46908927,CC1=C(C=C(C=C1)C(=O)NC2=CC(=C(C=C2)CN3CCN(CC3)C)C(F)(F)F)C#CC4=CN=C5N4N=CC=C5.Cl,569.031,4.87782,65.77,1.0,5.0,4.0,4.0,5.0,0.27586207,40.0,0.0,1.0,0.0,1.0,0.0,0.0,0.0,0.0,0.0,4.0,0.0
49800073,C1C2CC2N(C1C#N)C(=O)C(C34CC5CC(C3)CC(C5)(C4)O)N.Cl,351.878,1.57978,90.35,2.0,4.0,2.0,0.0,6.0,0.8888889,24.0,1.0,0.0,0.0,1.0,0.0,0.0,0.0,0.0,0.0,1.0,0.0
49843517,CCCCCCOC(C)C1=CC=CC(=C1OC)C2=CSC(=N2)NC(=O)C3=CC(=C(C(=C3)Cl)C=C(C)C(=O)O)Cl,591.557,8.5236,97.75,2.0,6.0,13.0,3.0,3.0,0.3448276,39.0,0.0,1.0,0.0,1.0,0.0,0.0,0.0,2.0,0.0,2.0,1.0
49846579,CC1(CCC(=C(C1)C2=CC=C(C=C2)Cl)CN3CCN(CC3)C4=CC(=C(C=C4)C(=O)NS(=O)(=O)C5=CC(=C(C=C5)NCC6CCOCC6)[N+](=O)[O-])OC7=CN=C8C(=C7)C=CN8)C,868.457,8.6599,172.03,3.0,11.0,13.0,5.0,8.0,0.37777779,61.0,0.0,3.0,0.0,1.0,0.0,0.0,0.0,2.0,0.0,1.0,0.0
50905713,CC(C1=CC2=C(C(=CC=C2)Cl)C(=O)N1C3=CC=CC=C3)NC4=NC=NC5=C4NC=N5,416.872,4.4835,88.49,2.0,5.0,4.0,5.0,5.0,0.09090909,30.0,0.0,2.0,0.0,0.0,0.0,0.0,0.0,0.0,0.0,1.0,0.0
50922675,CC(C)N1C=C(C(=N1)C2=C(C(=CC(=C2)Cl)NS(=O)(=O)C)F)C3=NC(=NC=C3)NCC(C)NC(=O)OC,540.021,3.9084,140.13,3.0,8.0,9.0,3.0,3.0,0.36363637,36.0,0.0,3.0,0.0,1.0,0.0,0.0,0.0,1.0,0.0,2.0,0.0
50992434,CC1=C2C(=C(N(C1=O)C)NC3=C(C=C(C=C3)I)F)C(=O)N(C(=O)N2C4=CC=CC(=C4)NC(=O)C)C5CC5.CS(=O)C,693.539,3.93482,124.2,2.0,6.0,5.0,4.0,5.0,0.2857143,41.0,0.0,2.0,0.0,1.0,0.0,0.0,0.0,0.0,0.0,2.0,0.0
51039094,CC1=C(C=CC(=C1)NC2=NC=NC3=C2C=C(C=C3)NC4=NC(CO4)(C)C)OC5=CC6=NC=NN6C=C5,480.532,5.09352,110.85,2.0,9.0,5.0,5.0,6.0,0.1923077,36.0,0.0,2.0,0.0,0.0,0.0,0.0,0.0,2.0,0.0,0.0,0.0
52918379,CCCCCCCC(=O)NC(CN1CCCC1)C(C2=CC3=C(C=C2)OCCO3)O.CCCCCCCC(=O)NC(CN1CCCC1)C(C2=CC3=C(C=C2)OCCO3)O.C(C(C(=O)O)O)(C(=O)O)O,959.188,4.742,257.12,8.0,14.0,25.0,2.0,6.0,0.68,68.0,0.0,2.0,0.0,2.0,0.0,0.0,0.0,4.0,0.0,0.0,2.0
53239799,CCC1=CC2=C(C=C1N3CCC(CC3)N4CCOCC4)C(C5=C(C2=O)C6=C(N5)C=C(C=C6)C#N)(C)C.Cl,519.089,5.19508,72.36,1.0,5.0,3.0,3.0,6.0,0.46666667,37.0,0.0,1.0,0.0,0.0,0.0,1.0,0.0,1.0,0.0,1.0,0.0
53393742,C[N+]1=C2C=C(C=CC2=CC3=C1C=C(C=C3)N)N.C1=CC(=CC2=NC3=C(C=CC(=C3)N)C=C21)N.Cl.Cl.Cl.[Cl-],578.375,2.8037,120.85,4.0,5.0,0.0,6.0,6.0,0.037037037,37.0,4.0,0.0,0.0,0.0,0.0,0.0,0.0,0.0,0.0,4.0,0.0
54674461,COC(=O)NC1=C(N=C(N=C1N)C2=NN(C3=C2C=C(C=N3)F)CC4=CC=CC=C4F)N,426.387,2.5575,146.86,3.0,8.0,4.0,4.0,4.0,0.10526316,31.0,2.0,1.0,0.0,1.0,0.0,0.0,0.0,1.0,0.0,2.0,0.0
54675776,CC1(C2CC3C(C(=O)C(=C(C3(C(=O)C2=C(C4=C1C=CC=C4O)O)O)O)C(=O)N)N(C)C)O,444.44,-0.371,181.62,6.0,9.0,2.0,1.0,4.0,0.4090909,32.0,1.0,0.0,0.0,1.0,0.0,2.0,1.0,0.0,0.0,0.0,0.0
54675850,C1=CC=C(C(=C1)C(=O)O)[O-],137.114,0.4584,60.36,1.0,2.0,1.0,1.0,1.0,0.0,10.0,0.0,0.0,0.0,0.0,0.0,0.0,0.0,0.0,0.0,0.0,1.0
54676228,CN1C(=C(C2=CC=CC=C2S1(=O)=O)O)C(=O)NC3=CC=CC=N3,331.353,1.581,99.6,2.0,5.0,2.0,2.0,3.0,0.06666667,23.0,0.0,1.0,0.0,1.0,0.0,0.0,0.0,0.0,0.0,0.0,0.0
54681908,CN(C)C1C2CC3CC4=C(C=CC(=C4C(=C3C(=O)C2(C(=C(C1=O)C(=O)N)O)O)O)O)CN(C)OC,487.509,-0.0428,173.86,5.0,10.0,5.0,1.0,4.0,0.45833334,35.0,1.0,0.0,0.0,1.0,0.0,2.0,1.0,0.0,0.0,0.0,0.0
54682461,CCCC1(CC(=C(C(=O)O1)C(CC)C2=CC(=CC=C2)NS(=O)(=O)C3=NC=C(C=C3)C(F)(F)F)O)CCC4=CC=CC=C4,602.675,7.3255,105.59,2.0,6.0,11.0,3.0,4.0,0.3548387,42.0,0.0,1.0,1.0,0.0,0.0,0.0,0.0,1.0,0.0,3.0,0.0
54684141,CC(=C(C#N)C(=O)NC1=CC=C(C=C1)C(F)(F)F)O,270.21,2.99948,73.12,2.0,3.0,2.0,1.0,1.0,0.16666667,19.0,0.0,1.0,0.0,1.0,0.0,0.0,0.0,0.0,0.0,3.0,0.0
54697325,CC(C)(C)CNCC1=CC(=C2CC3CC4C(C(=O)C(=C(C4(C(=O)C3=C(C2=C1O)O)O)O)C(=O)N)N(C)C)N(C)C,556.66,1.1657,176.66,6.0,10.0,6.0,1.0,4.0,0.55172414,40.0,1.0,1.0,0.0,1.0,0.0,2.0,1.0,0.0,0.0,0.0,0.0
54704426,CC1(C2CC3C(C(=O)C(=C(C3(C(=O)C2=C(C4=C1C=CC=C4O)O)O)O)C(=O)N)N(C)C)O.Cl,480.901,0.0508,181.62,6.0,9.0,2.0,1.0,4.0,0.4090909,33.0,1.0,0.0,0.0,1.0,0.0,2.0,1.0,0.0,0.0,1.0,0.0
56649450,CC1=C(SC(=N1)NC(=O)N2CCCC2C(=O)N)C3=CC(=NC=C3)C(C)(C)C(F)(F)F,441.479,3.83502,101.21,2.0,5.0,4.0,2.0,3.0,0.47368422,30.0,1.0,1.0,0.0,3.0,0.0,0.0,0.0,0.0,0.0,3.0,0.0
56843331,CCC(C)C(C(=O)NC(C)C(=O)NC(CC1=CNC2=CC=CC=C21)C(=O)NC(CC(C)C)C(=O)NC(C(C)C)C(=O)NC(CCCNC(=N)N)C(=O)NCC(=O)NC(CCCNC(=N)N)C(=O)NCC(=O)O)NC(=O)C(CC3=CC=CC=C3)NC(=O)C(CCC(=O)O)NC(=O)C(CCCCNC(=O)COCCOCCNC(=O)COCCOCCNC(=O)CCC(C(=O)O)NC(=O)CCCCCCCCCCCCCCCCC(=O)O)NC(=O)C(C)NC(=O)C(C)NC(=O)C(CCC(=O)N)NC(=O)CNC(=O)C(CCC(=O)O)NC(=O)C(CC(C)C)NC(=O)C(CC4=CC=C(C=C4)O)NC(=O)C(CO)NC(=O)C(CO)NC(=O)C(C(C)C)NC(=O)C(CC(=O)O)NC(=O)C(CO)NC(=O)C(C(C)O)NC(=O)C(CC5=CC=CC=C5)NC(=O)C(C(C)O)NC(=O)CNC(=O)C(CCC(=O)O)NC(=O)C(C)(C)NC(=O)C(CC6=CN=CN6)N,4113.641,-11.62786,1646.18,57.0,56.0,149.0,6.0,6.0,0.6096257,291.0,4.0,40.0,0.0,35.0,0.0,0.0,1.0,4.0,0.0,0.0,7.0
56844015,B1(OC(=O)C(O1)(CC(=O)O)CC(=O)O)C(CC(C)C)NC(=O)CNC(=O)C2=C(C=CC(=C2)Cl)Cl,517.127,1.5431,168.33,4.0,7.0,11.0,1.0,2.0,0.45,34.0,0.0,2.0,0.0,2.0,0.0,0.0,0.0,0.0,0.0,2.0,2.0
56959086,COCCOCCOCCOCCOCCOCCOCCOC1CCC2(C3CC4=C5C2(C1OC5=C(C=C4)O)CCN3CC=C)O.C(=O)(C(=O)O)O,741.828,1.0191,201.37,4.0,14.0,24.0,1.0,5.0,0.7222222,52.0,0.0,0.0,0.0,0.0,0.0,0.0,1.0,9.0,0.0,0.0,2.0
57379345,CC1=CC(=C(C=C1C2CCNCC2)OC(C)C)NC3=NC=C(C(=N3)NC4=CC=CC=C4S(=O)(=O)C(C)C)Cl,558.148,6.36192,105.24,3.0,8.0,9.0,3.0,4.0,0.42857143,38.0,0.0,3.0,0.0,0.0,0.0,0.0,0.0,1.0,0.0,1.0,0.0
58460047,CN1C(=NNC1=O)CN2C=CC(=C(C2=O)OC3=CC(=CC(=C3)C#N)Cl)C(F)(F)F,425.754,2.65458,105.7,1.0,5.0,4.0,3.0,3.0,0.1764706,29.0,0.0,1.0,0.0,0.0,0.0,0.0,0.0,1.0,0.0,4.0,0.0
58557659,CCC1CN(CC1C2=CN=C3N2C4=C(NC=C4)N=C3)C(=O)NCC(F)(F)F,380.374,2.9079,78.32,2.0,3.0,3.0,3.0,4.0,0.47058824,27.0,0.0,2.0,0.0,2.0,0.0,0.0,0.0,0.0,0.0,3.0,0.0
66558664,CCN(C1CCOCC1)C2=CC(=CC(=C2C)C(=O)NCC3=C(C=C(NC3=O)C)C)C4=CC=C(C=C4)CN5CCOCC5,572.75,4.73466,86.9,2.0,6.0,9.0,3.0,5.0,0.47058824,42.0,0.0,2.0,0.0,1.0,0.0,0.0,0.0,2.0,0.0,0.0,0.0
66860907,CC1=CC(=C(C=C1)SC2=CC=CC=C2N3CCNCC3)C.Cl,334.916,4.28604,15.27,1.0,3.0,3.0,2.0,3.0,0.33333334,22.0,0.0,1.0,0.0,0.0,0.0,0.0,0.0,0.0,0.0,1.0,0.0
67171867,CC(CN1C=CC(=N1)C2=CC(=C(C=C2)C#N)Cl)NC(=O)C3=NNC(=C3)C(C)O,398.854,2.67008,119.62,3.0,5.0,6.0,3.0,3.0,0.2631579,28.0,0.0,2.0,0.0,1.0,0.0,0.0,0.0,0.0,0.0,1.0,0.0
67462786,CC(C)NCCN(C1=CC2=NC(=CN=C2C=C1)C3=CN(N=C3)C)C4=CC(=CC(=C4)OC)OC,446.555,4.1836,77.33,1.0,7.0,9.0,4.0,4.0,0.32,33.0,0.0,1.0,0.0,0.0,0.0,0.0,0.0,2.0,0.0,0.0,0.0
67505836,CC(C)C(C(=O)N1CC2(CC2)CC1C3=NC=C(N3)C4=CC5=C(C=C4)C6=C(C5(F)F)C=C(C=C6)C7=CC8=C(C=C7)N=C(N8)C9C1CCC(C1)N9C(=O)C(C(C)C)NC(=O)OC)NC(=O)OC,889.017,8.6073,174.64,4.0,8.0,10.0,5.0,10.0,0.46938777,65.0,0.0,4.0,0.0,4.0,0.0,0.0,0.0,2.0,0.0,2.0,0.0
67517580,CC1=CN=C(N=C1NC2=CC(=CC=C2)S(=O)(=O)NC(C)(C)C)NC3=CC=C(C=C3)OCCN4CCCC4.O.Cl.Cl,615.628,4.84252,139.98,3.0,8.0,10.0,3.0,4.0,0.4074074,40.0,0.0,3.0,0.0,0.0,0.0,0.0,0.0,1.0,0.0,2.0,0.0
67683363,CC1CCC(N1C(=O)C(C(C)C)NC(=O)OC)C2=NC3=C(N2)C=CC4=CC5=C(C=C43)OCC6=C5C=CC(=C6)C7=CN=C(N7)C8CC(CN8C(=O)C(C9=CC=CC=C9)NC(=O)OC)COC,883.019,7.7315,193.1,4.0,10.0,11.0,6.0,9.0,0.3877551,65.0,0.0,4.0,0.0,4.0,0.0,0.0,0.0,4.0,0.0,0.0,0.0
71009737,C1CC2=CN=CN2C1C3=C(C=C(C=C3)C#N)F.OP(=O)(O)O,325.236,1.50088,119.37,3.0,3.0,1.0,2.0,3.0,0.23076923,22.0,0.0,0.0,0.0,0.0,0.0,0.0,0.0,0.0,0.0,1.0,0.0
71481097,C1=CN=C(C=N1)NNC(=O)C=CN2C=NC(=N2)C3=CC(=CC(=C3)C(F)(F)F)C(F)(F)F,443.311,3.3867,97.62,2.0,6.0,5.0,3.0,3.0,0.11764706,31.0,0.0,2.0,0.0,1.0,0.0,0.0,0.0,0.0,0.0,6.0,0.0
71491931,C1CCNC(C1)C2(CN(C2)C(=O)C3=C(C(=C(C=C3)F)F)NC4=C(C=C(C=C4)I)F)O.C1CCNC(C1)C2(CN(C2)C(=O)C3=C(C(=C(C=C3)F)F)NC4=C(C=C(C=C4)I)F)O.C(=CC(=O)O)C(=O)O,1178.704,7.274,203.8,8.0,10.0,10.0,4.0,8.0,0.3478261,68.0,0.0,4.0,0.0,2.0,0.0,0.0,0.0,0.0,0.0,8.0,2.0
71492247,CC(C)OC(=O)C(C)NP(=O)(COC(C)CN1C=NC2=C(N=CN=C21)N)OC3=CC=CC=C3.CC(C)OC(=O)C(C)NP(=O)(COC(C)CN1C=NC2=C(N=CN=C21)N)OC3=CC=CC=C3.C(=CC(=O)O)C(=O)O,1069.02,5.6576,361.56,6.0,20.0,24.0,6.0,6.0,0.39130434,74.0,2.0,2.0,2.0,0.0,0.0,0.0,0.0,4.0,0.0,0.0,2.0
71494926,CC1=C(N=C(C=C1)NC(=O)C2(CC2)C3=CC4=C(C=C3)OC(O4)(F)F)C5=CC(=CC=C5)C(=O)O.CC(C)(C)C1=CC(=C(C=C1NC(=O)C2=CNC3=CC=CC=C3C2=O)O)C(C)(C)C,844.912,9.82802,179.94,5.0,8.0,7.0,6.0,8.0,0.27083334,62.0,0.0,3.0,0.0,2.0,0.0,0.0,1.0,2.0,0.0,2.0,1.0
71584930,CCN1C2=CC(=NC=C2C=C(C1=O)C3=CC(=C(C=C3Br)F)NC(=O)NC4=CC=CC=C4)NC,510.367,5.6707,88.05,3.0,4.0,5.0,4.0,4.0,0.125,33.0,0.0,3.0,0.0,2.0,0.0,0.0,0.0,0.0,0.0,2.0,0.0
71586738,C1CC(C2=C(C=CC=N2)C(C1C3=C(C(=CC=C3)F)F)N)OC(=O)N4CCC(CC4)N5C6=C(NC5=O)N=CC=C6.C1CC(C2=C(C=CC=N2)C(C1C3=C(C(=CC=C3)F)F)N)OC(=O)N4CCC(CC4)N5C6=C(NC5=O)N=CC=C6.O.O.O.OS(=O)(=O)O,1221.258,5.8531,407.36,6.0,14.0,6.0,8.0,12.0,0.35714287,86.0,2.0,2.0,0.0,2.0,0.0,0.0,0.0,2.0,0.0,4.0,0.0
71657455,C1CC(=O)N(C1C(=O)N(C2=CC(=CN=C2)F)C(C3=CC=CC=C3Cl)C(=O)NC4CC(C4)(F)F)C5=NC=CC(=C5)C#N,582.97,4.32458,119.29,1.0,6.0,7.0,3.0,5.0,0.2857143,41.0,0.0,1.0,0.0,3.0,0.0,0.0,0.0,0.0,0.0,4.0,0.0
71731823,CC1C2=C(C=CC(=C2)F)C(=O)N(CC3=NN(C(=C3C4=CC(=C(N=C4)N)O1)C#N)C)C,406.421,2.80068,110.06,1.0,6.0,0.0,3.0,4.0,0.23809524,30.0,1.0,0.0,0.0,1.0,0.0,0.0,0.0,1.0,0.0,1.0,0.0
72722243,CC(C)(C)C1=CC(=C(C=C1NC(=O)C2=CNC3=CC=CC=C3C2=O)O)C(C)(C)C.CC(C)(CO)C1=CC2=CC(=C(C=C2N1CC(CO)O)F)NC(=O)C3(CC3)C4=CC5=C(C=C4)OC(O5)(F)F,913.003,8.4763,195.37,7.0,9.0,10.0,6.0,8.0,0.38,66.0,0.0,3.0,0.0,2.0,0.0,0.0,1.0,2.0,0.0,3.0,0.0
76970819,CCC1=C(N=C(C(=N1)C(=O)N)NC2=CC(=C(C=C2)N3CCC(CC3)N4CCN(CC4)C)OC)NC5CCOCC5.CCC1=C(N=C(C(=N1)C(=O)N)NC2=CC(=C(C=C2)N3CCC(CC3)N4CCN(CC4)C)OC)NC5CCOCC5.C(=CC(=O)O)C(=O)O,1221.52,5.1062,316.82,8.0,22.0,20.0,4.0,10.0,0.58064514,88.0,2.0,4.0,0.0,2.0,0.0,0.0,0.0,4.0,0.0,0.0,2.0
78131177,CN1CC(C2=C(C1)C(=CC(=C2)Cl)Cl)C3=CC(=CC=C3)S(=O)(=O)NCCOCCOCCNC(=O)NCCCCNC(=O)NCCOCCOCCNS(=O)(=O)C4=CC=CC(=C4)C5CN(CC6=C5C=C(C=C6Cl)Cl)C.Cl.Cl,1217.992,7.0002,218.0,6.0,12.0,29.0,4.0,6.0,0.48,76.0,0.0,6.0,0.0,4.0,0.0,0.0,0.0,4.0,0.0,6.0,0.0
78357807,CN1C=C(C2=CC=CC=C21)C3=NC(=NC=C3)NC4=C(C=C(C(=C4)NC(=O)C=C)N(C)CCN(C)C)OC.CS(=O)(=O)O,595.726,4.0138,141.92,3.0,9.0,10.0,4.0,4.0,0.27586207,42.0,0.0,2.0,0.0,1.0,0.0,0.0,0.0,1.0,0.0,0.0,0.0
86346053,CC1CCC23CCC(=O)C2C1(C(CC(C(C3C)O)(C)C=C)OC(=O)CSC4CCC(CC4O)N)C.CC(=O)O,567.789,3.9577,147.15,4.0,8.0,5.0,0.0,4.0,0.8333333,39.0,1.0,0.0,1.0,0.0,0.0,1.0,0.0,1.0,0.0,0.0,1.0
86707828,CC1=CC=C(C=C1)S(=O)(=O)O.CC(C)OC1=C(C=C(C=C1)C2=NN(C3=NC=NC(=C23)N)C(C)C4=C(C(=O)C5=C(O4)C=CC(=C5)F)C6=CC(=CC=C6)F)F,743.764,7.90442,163.43,2.0,9.0,7.0,7.0,7.0,0.15789473,53.0,1.0,0.0,0.0,0.0,0.0,0.0,0.0,1.0,0.0,3.0,0.0
91618104,CC(C)OC1=C(C=C(C=C1)C2=NC(=NO2)C3=C4CCC(C4=CC=C3)NCCO)C#N.Cl,440.931,4.05348,104.2,2.0,7.0,7.0,3.0,4.0,0.3478261,31.0,0.0,1.0,0.0,0.0,0.0,0.0,0.0,1.0,0.0,1.0,0.0
118023034,CC(C1=CC=C(C=C1)F)(C2=CN=C(N=C2)N3CCN(CC3)C4=NC=NN5C4=CC(=C5)C6=CN(N=C6)C)N,498.57,2.6077,106.29,1.0,8.0,5.0,5.0,6.0,0.26923078,37.0,1.0,0.0,0.0,0.0,0.0,0.0,0.0,0.0,0.0,1.0,0.0
118988661,C1=CC=NC(=C1)C(C2=CC=C(C=C2)OS(=O)(=O)[O-])C3=CC=C(C=C3)OS(=O)(=O)[O-].C(C(=O)O)C(CC(=O)O)(C(=O)O)O.O=[Mg].[Na+].[Na+],713.842,-5.8003,294.95,4.0,14.0,12.0,3.0,3.0,0.16666667,46.0,0.0,0.0,0.0,0.0,0.0,0.0,0.0,0.0,0.0,0.0,3.0
121494085,C(C1C(C(C(C(O1)OC2(C(C(C(O2)COS(=O)(=O)O[Al])OS(=O)(=O)O[Al])OS(=O)(=O)O[Al])COS(=O)(=O)O[Al])OS(=O)(=O)O[Al])OS(=O)(=O)O[Al])OS(=O)(=O)O[Al])OS(=O)(=O)O[Al].O.O.O.O.O.O.O.O.O.O.O.O.O.O.O.O.O.O.O.O.[Al],1577.883,-27.3168,1078.49,0.0,35.0,29.0,0.0,2.0,1.0,84.0,0.0,0.0,0.0,0.0,0.0,0.0,0.0,3.0,0.0,0.0,0.0
122201352,CNC(=O)C1=C(C=C(C=C1)C2=NN3C(=CN=C3N=C2)CC4=CC5=C(C=C4)N=CC=C5)F.O.Cl.Cl,503.365,3.4479,116.57,1.0,5.0,4.0,5.0,5.0,0.08695652,34.0,0.0,1.0,0.0,1.0,0.0,0.0,0.0,0.0,0.0,3.0,0.0
124081896,COC(=O)OCOC1=C2C(=O)N3CCOCC3N(N2C=CC1=O)C4C5=C(CSC6=CC=CC=C46)C(=C(C=C5)F)F,571.558,3.3912,99.54,0.0,9.0,4.0,3.0,6.0,0.2962963,40.0,0.0,0.0,0.0,1.0,0.0,0.0,0.0,4.0,0.0,2.0,0.0
129073603,CC1=CC(=NN1)NC2=NC(=NC(=C2)C)C3CCC(CC3)(C(=O)NC(C)C4=CN=C(C=C4)N5C=C(C=N5)F)OC,533.612,4.20014,135.53,3.0,8.0,8.0,4.0,5.0,0.4074074,39.0,0.0,3.0,0.0,1.0,0.0,0.0,0.0,1.0,0.0,1.0,0.0
129893883,CC1(C2=CC=CC=C2[N+](=C1C=CC3=C(C(=CC=C4C(C5=CC=CC=C5N4C)(C)C)CCC3)C6=CC=CC=C6)C)C.OCl(=O)(=O)=O,626.217,5.0004,95.66,1.0,5.0,4.0,3.0,6.0,0.28947368,45.0,0.0,0.0,0.0,0.0,0.0,0.0,0.0,0.0,0.0,1.0,0.0
134436906,CC(C)(COC1=CN2C(=C(C=N2)C#N)C(=C1)C3=CN=C(C=C3)N4CC5CC(C4)N5CC6=CN=C(C=C6)OC)O,525.613,3.28438,112.04,1.0,9.0,8.0,4.0,7.0,0.37931034,39.0,0.0,0.0,0.0,0.0,0.0,0.0,0.0,2.0,0.0,0.0,0.0
135398508,C=C1C(CC(C1CO)O)N2C=NC3=C2N=C(NC3=O)N,277.284,-0.8278,130.05,4.0,6.0,2.0,2.0,3.0,0.41666666,20.0,1.0,1.0,0.0,0.0,0.0,0.0,0.0,0.0,0.0,0.0,0.0
135398513,C1=NC2=C(N1COCCO)N=C(NC2=O)N,225.208,-1.3318,119.05,3.0,6.0,4.0,2.0,2.0,0.375,16.0,1.0,1.0,0.0,0.0,0.0,0.0,0.0,1.0,0.0,0.0,0.0
135398739,C1CC(OC1CO)N2C=NC3=C2N=CNC3=O,236.231,-0.2105,93.03,2.0,5.0,2.0,2.0,3.0,0.5,17.0,0.0,1.0,0.0,0.0,0.0,0.0,0.0,1.0,0.0,0.0,0.0
135401907,C1=NNC2=C1C(=O)NC=N2,136.114,-0.3538,74.43,2.0,3.0,0.0,2.0,2.0,0.0,10.0,0.0,2.0,0.0,0.0,0.0,0.0,0.0,0.0,0.0,0.0,0.0
135413536,CC(C1=CC(=CC(=C1)C(F)(F)F)C(F)(F)F)OC2C(N(CCO2)CC3=NNC(=O)N3)C4=CC=C(C=C4)F,534.432,4.9521,83.24,2.0,5.0,6.0,3.0,4.0,0.39130434,37.0,0.0,2.0,0.0,0.0,0.0,0.0,0.0,2.0,0.0,7.0,0.0
135449331,CC1=C(C=C(C=C1)N2C(=O)C(=C(N2)C)N=NC3=CC=CC(=C3O)C4=CC(=CC=C4)C(=O)O)C.C(CO)N.C(CO)N,564.643,3.45186,212.54,7.0,9.0,7.0,4.0,4.0,0.2413793,41.0,2.0,1.0,0.0,0.0,0.0,0.0,1.0,0.0,0.0,0.0,1.0
135476717,CCS(=O)(=O)O.CN1CCN(CC1)CC(=O)N(C)C2=CC=C(C=C2)N=C(C3=CC=CC=C3)C4=C(NC5=C4C=CC(=C5)C(=O)OC)O,649.77,3.9335,155.84,3.0,9.0,8.0,4.0,5.0,0.3030303,46.0,0.0,1.0,1.0,1.0,0.0,0.0,0.0,1.0,0.0,0.0,0.0
135565082,CN1C(=NC=N1)C2C(NC3=CC(=CC4=C3C2=NNC4=O)F)C5=CC=C(C=C5)F,380.358,2.6285,88.49,2.0,5.0,2.0,4.0,5.0,0.15789473,28.0,0.0,2.0,0.0,0.0,0.0,0.0,0.0,0.0,0.0,2.0,0.0
135565903,CC1=C(C(=[N+](C(=C1Cl)C)[O-])Cl)C2=NOC(=N2)C3=CC(=C(C(=C3)O)O)[N+](=O)[O-],413.173,3.28004,149.46,2.0,8.0,3.0,3.0,3.0,0.13333334,27.0,0.0,0.0,0.0,0.0,0.0,0.0,2.0,0.0,0.0,2.0,0.0
139030242,C1CC1CNC(C2=CC(=C(C=C2)F)NC(=O)C3=CC(=NN3C4=CC=CC(=C4)CN)C(F)(F)F)C5=CC=CC(=C5)C#N.Cl.Cl,635.493,6.54548,108.76,3.0,5.0,9.0,4.0,5.0,0.23333333,43.0,1.0,2.0,0.0,1.0,0.0,0.0,0.0,0.0,0.0,6.0,0.0
