Excipient_CID,Excipient_Smiles,MolWt,MolLogP,TPSA,NumHDonors,NumHAcceptors,NumRotatableBonds,NumAromaticRings,RingCount,FractionCSP3,HeavyAtomCount,fr_NH2,fr_NH1,fr_ester,fr_amide,fr_aldehyde,fr_ketone,fr_phenol,fr_ether,fr_epoxide,fr_halogen,fr_COO
174,C(CO)O,62.068,-1.029,40.46,2.0,2.0,1.0,0.0,0.0,1.0,4.0,0.0,0.0,0.0,0.0,0.0,0.0,0.0,0.0,0.0,0.0,0.0
180,CC(=O)C,58.08,0.5953,17.07,0.0,1.0,0.0,0.0,0.0,0.6666667,4.0,0.0,0.0,0.0,0.0,0.0,1.0,0.0,0.0,0.0,0.0,0.0
222,N,17.031,0.162,35.0,1.0,1.0,0.0,0.0,0.0,0.0,1.0,0.0,0.0,0.0,0.0,0.0,0.0,0.0,0.0,0.0,0.0,0.0
244,C1=CC=C(C=C1)CO,108.14,1.1789,20.23,1.0,1.0,1.0,1.0,1.0,0.14285715,8.0,0.0,0.0,0.0,0.0,0.0,0.0,0.0,0.0,0.0,0.0,0.0
261,CCCC=O,72.107,0.9854,17.07,0.0,1.0,2.0,0.0,0.0,0.75,5.0,0.0,0.0,0.0,0.0,1.0,0.0,0.0,0.0,0.0,0.0,0.0
263,CCCCO,74.123,0.7788,20.23,1.0,1.0,2.0,0.0,0.0,1.0,5.0,0.0,0.0,0.0,0.0,0.0,0.0,0.0,0.0,0.0,0.0,0.0
284,C(=O)O,46.025,-0.2992,37.3,1.0,1.0,0.0,0.0,0.0,0.0,3.0,0.0,0.0,0.0,0.0,0.0,0.0,0.0,0.0,0.0,0.0,0.0
294,C(C1C(C(C(C(O1)OC2C(OC(C(C2O)O)O)CO)O)O)O)O,342.297,-5.3972,189.53,8.0,11.0,4.0,0.0,2.0,1.0,23.0,0.0,0.0,0.0,0.0,0.0,0.0,0.0,3.0,0.0,0.0,0.0
311,C(C(=O)O)C(CC(=O)O)(C(=O)O)O,192.123,-1.2485,132.13,4.0,4.0,5.0,0.0,0.0,0.5,13.0,0.0,0.0,0.0,0.0,0.0,0.0,0.0,0.0,0.0,0.0,3.0
342,CC1=CC(=CC=C1)O,108.14,1.70062,20.23,1.0,1.0,0.0,1.0,1.0,0.14285715,8.0,0.0,0.0,0.0,0.0,0.0,0.0,1.0,0.0,0.0,0.0,0.0
379,CCCCCCCC(=O)O,144.214,2.4315,37.3,1.0,1.0,6.0,0.0,0.0,0.875,10.0,0.0,0.0,0.0,0.0,0.0,0.0,0.0,0.0,0.0,0.0,1.0
525,C(C(C(=O)O)O)C(=O)O,134.087,-1.0934,94.83,3.0,3.0,3.0,0.0,0.0,0.5,9.0,0.0,0.0,0.0,0.0,0.0,0.0,0.0,0.0,0.0,0.0,2.0
679,CS(=O)C,78.136,-0.0053,17.07,0.0,1.0,0.0,0.0,0.0,1.0,4.0,0.0,0.0,0.0,0.0,0.0,0.0,0.0,0.0,0.0,0.0,0.0
702,CCO,46.069,-0.0014,20.23,1.0,1.0,0.0,0.0,0.0,1.0,3.0,0.0,0.0,0.0,0.0,0.0,0.0,0.0,0.0,0.0,0.0,0.0
712,C=O,30.026,-0.1849,17.07,0.0,1.0,0.0,0.0,0.0,0.0,2.0,0.0,0.0,0.0,0.0,0.0,0.0,0.0,0.0,0.0,0.0,0.0
751,C(C(C=O)O)O,90.078,-1.4615,57.53,2.0,3.0,2.0,0.0,0.0,0.6666667,6.0,0.0,0.0,0.0,0.0,1.0,0.0,0.0,0.0,0.0,0.0,0.0
753,C(C(CO)O)O,92.094,-1.6681,60.69,3.0,3.0,2.0,0.0,0.0,1.0,6.0,0.0,0.0,0.0,0.0,0.0,0.0,0.0,0.0,0.0,0.0,0.0
757,C(C(=O)O)O,76.051,-0.9367,57.53,2.0,2.0,1.0,0.0,0.0,0.5,5.0,0.0,0.0,0.0,0.0,0.0,0.0,0.0,0.0,0.0,0.0,1.0
784,OO,34.014,0.0174,40.46,2.0,2.0,0.0,0.0,0.0,0.0,2.0,0.0,0.0,0.0,0.0,0.0,0.0,0.0,0.0,0.0,0.0,0.0
807,II,253.808,1.7714,0.0,0.0,0.0,0.0,0.0,0.0,0.0,2.0,0.0,0.0,0.0,0.0,0.0,0.0,0.0,0.0,0.0,2.0,0.0
872,C(C1C(C(C(C(O1)OCC2C(C(C(C(O2)O)O)O)O)O)O)O)O,342.297,-5.3972,189.53,8.0,11.0,4.0,0.0,2.0,1.0,23.0,0.0,0.0,0.0,0.0,0.0,0.0,0.0,3.0,0.0,0.0,0.0
875,C(C(C(=O)O)O)(C(=O)O)O,150.086,-2.1226,115.06,4.0,4.0,3.0,0.0,0.0,0.5,10.0,0.0,0.0,0.0,0.0,0.0,0.0,0.0,0.0,0.0,0.0,2.0
887,CO,32.042,-0.3915,20.23,1.0,1.0,0.0,0.0,0.0,1.0,2.0,0.0,0.0,0.0,0.0,0.0,0.0,0.0,0.0,0.0,0.0,0.0
943,[N+](=O)([O-])[O-],62.004,-0.2391,66.2,0.0,3.0,0.0,0.0,0.0,0.0,4.0,0.0,0.0,0.0,0.0,0.0,0.0,0.0,0.0,0.0,0.0,0.0
977,O=O,31.998,0.067,34.14,0.0,2.0,0.0,0.0,0.0,0.0,2.0,0.0,0.0,0.0,0.0,0.0,0.0,0.0,0.0,0.0,0.0,0.0
985,CCCCCCCCCCCCCCCC(=O)O,256.43,5.5523,37.3,1.0,1.0,14.0,0.0,0.0,0.9375,18.0,0.0,0.0,0.0,0.0,0.0,0.0,0.0,0.0,0.0,0.0,1.0
996,C1=CC=C(C=C1)O,94.113,1.3922,20.23,1.0,1.0,0.0,1.0,1.0,0.0,7.0,0.0,0.0,0.0,0.0,0.0,0.0,1.0,0.0,0.0,0.0,0.0
1030,CC(CO)O,76.095,-0.6405,40.46,2.0,2.0,1.0,0.0,0.0,1.0,5.0,0.0,0.0,0.0,0.0,0.0,0.0,0.0,0.0,0.0,0.0,0.0
1061,[O-]P(=O)([O-])[O-],94.97,-2.8246,86.25,0.0,4.0,0.0,0.0,0.0,0.0,5.0,0.0,0.0,0.0,0.0,0.0,0.0,0.0,0.0,0.0,0.0,0.0
1110,C(CC(=O)O)C(=O)O,118.088,-0.0642,74.6,2.0,2.0,3.0,0.0,0.0,0.5,8.0,0.0,0.0,0.0,0.0,0.0,0.0,0.0,0.0,0.0,0.0,2.0
1117,[O-]S(=O)(=O)[O-],96.063,-1.338,80.26,0.0,4.0,0.0,0.0,0.0,0.0,5.0,0.0,0.0,0.0,0.0,0.0,0.0,0.0,0.0,0.0,0.0,0.0
1118,OS(=O)(=O)O,98.079,-0.6528,74.6,2.0,2.0,0.0,0.0,0.0,0.0,5.0,0.0,0.0,0.0,0.0,0.0,0.0,0.0,0.0,0.0,0.0,0.0
1176,C(=O)(N)N,60.056,-0.9762,69.11,2.0,1.0,0.0,0.0,0.0,0.0,4.0,2.0,0.0,0.0,2.0,0.0,0.0,0.0,0.0,0.0,0.0,0.0
1183,COC1=C(C=CC(=C1)C=O)O,152.149,1.2133,46.53,1.0,3.0,2.0,1.0,1.0,0.125,11.0,0.0,0.0,0.0,0.0,1.0,0.0,1.0,1.0,0.0,0.0,0.0
1254,CC1CCC(C(C1)O)C(C)C,156.269,2.4395,20.23,1.0,1.0,1.0,0.0,1.0,1.0,11.0,0.0,0.0,0.0,0.0,0.0,0.0,0.0,0.0,0.0,0.0,0.0
1264,CN1C=C(N=C1C(=O)NC2=CN(C(=N2)C(=O)NC3=CN(C(=N3)C(=O)NCC[NH+](C)C)C)C)NC=O,486.517,-2.1657,174.3,5.0,7.0,10.0,3.0,3.0,0.35,35.0,0.0,5.0,0.0,4.0,0.0,0.0,0.0,0.0,0.0,0.0,0.0
1732,CC1=C(C=CC(=C1)O)Cl,142.585,2.35402,20.23,1.0,1.0,0.0,1.0,1.0,0.14285715,9.0,0.0,0.0,0.0,0.0,0.0,0.0,1.0,0.0,0.0,1.0,0.0
2537,CC1(C2CCC1(C(=O)C2)C)C,152.237,2.4017,17.07,0.0,1.0,0.0,0.0,2.0,0.9,11.0,0.0,0.0,0.0,0.0,0.0,1.0,0.0,0.0,0.0,0.0,0.0
2682,CCCCCCCCCCCCCCCCO,242.447,5.46,20.23,1.0,1.0,14.0,0.0,0.0,1.0,17.0,0.0,0.0,0.0,0.0,0.0,0.0,0.0,0.0,0.0,0.0,0.0
3026,CCCCOC(=O)C1=CC=CC=C1C(=O)OCCCC,278.348,3.6004,52.6,0.0,4.0,8.0,1.0,1.0,0.5,20.0,0.0,0.0,2.0,0.0,0.0,0.0,0.0,2.0,0.0,0.0,0.0
3259,C1=CC=C2C(=C1)C(=O)OC23C4=CC(=C(C(=C4OC5=C(C(=C(C=C35)I)O)I)I)O)I,835.895,6.0842,75.99,2.0,5.0,0.0,3.0,5.0,0.05,29.0,0.0,0.0,1.0,0.0,0.0,0.0,2.0,2.0,0.0,4.0,0.0
3705,C1=CC2=C(C=C1S(=O)(=O)O)C(=C(N2)C3=NC4=C(C3=O)C=C(C=C4)S(=O)(=O)O)O,422.396,1.684,174.19,4.0,7.0,3.0,3.0,4.0,0.0,28.0,0.0,1.0,0.0,0.0,0.0,1.0,0.0,0.0,0.0,0.0,0.0
3776,CC(C)O,60.096,0.3871,20.23,1.0,1.0,0.0,0.0,0.0,1.0,4.0,0.0,0.0,0.0,0.0,0.0,0.0,0.0,0.0,0.0,0.0,0.0
4093,CC(=C)C(=O)O,86.09,0.6471,37.3,1.0,1.0,1.0,0.0,0.0,0.25,6.0,0.0,0.0,0.0,0.0,0.0,0.0,0.0,0.0,0.0,0.0,1.0
4764,C1=CC=C2C(=C1)C(=O)OC2(C3=CC=C(C=C3)O)C4=CC=C(C=C4)O,318.328,3.5601,66.76,2.0,4.0,2.0,3.0,4.0,0.05,24.0,0.0,0.0,1.0,0.0,0.0,0.0,2.0,1.0,0.0,0.0,0.0
4873,[Cl-].[K+],74.551,-5.992,0.0,0.0,0.0,0.0,0.0,0.0,0.0,2.0,0.0,0.0,0.0,0.0,0.0,0.0,0.0,0.0,0.0,1.0,0.0
4947,CCCOC(=O)C1=CC(=C(C(=C1)O)O)O,212.201,1.3702,86.99,3.0,5.0,3.0,1.0,1.0,0.3,15.0,0.0,0.0,1.0,0.0,0.0,0.0,3.0,1.0,0.0,0.0,0.0
5143,C1=CC=C2C(=C1)C(=O)NS2(=O)=O,183.188,0.1187,63.24,1.0,3.0,0.0,1.0,2.0,0.0,12.0,0.0,1.0,0.0,1.0,0.0,0.0,0.0,0.0,0.0,0.0,0.0
5234,[Na+].[Cl-],58.443,-5.992,0.0,0.0,0.0,0.0,0.0,0.0,0.0,2.0,0.0,0.0,0.0,0.0,0.0,0.0,0.0,0.0,0.0,1.0,0.0
5281,CCCCCCCCCCCCCCCCCC(=O)O,284.484,6.3325,37.3,1.0,1.0,16.0,0.0,0.0,0.9444444,20.0,0.0,0.0,0.0,0.0,0.0,0.0,0.0,0.0,0.0,0.0,1.0
5541,CC(=O)OCC(COC(=O)C)OC(=O)C,218.205,0.0443,78.9,0.0,6.0,5.0,0.0,0.0,0.6666667,15.0,0.0,0.0,3.0,0.0,0.0,0.0,0.0,3.0,0.0,0.0,0.0
5746,CC1=C(C(=O)C2=C(C1=O)N3CC4C(C3(C2COC(=O)N)OC)N4)N,334.332,-1.6512,146.89,3.0,8.0,3.0,0.0,4.0,0.53333336,24.0,2.0,1.0,0.0,1.0,0.0,2.0,0.0,2.0,0.0,0.0,0.0
5780,C(C(C(C(C(CO)O)O)O)O)O,182.172,-3.5854,121.38,6.0,6.0,5.0,0.0,0.0,1.0,12.0,0.0,0.0,0.0,0.0,0.0,0.0,0.0,0.0,0.0,0.0,0.0
5959,C1=CC(=CC=C1C(C(CO)NC(=O)C(Cl)Cl)O)[N+](=O)[O-],323.132,0.909,112.7,3.0,5.0,6.0,1.0,1.0,0.36363637,20.0,0.0,1.0,0.0,1.0,0.0,0.0,0.0,0.0,0.0,2.0,0.0
5988,C(C1C(C(C(C(O1)OC2(C(C(C(O2)CO)O)O)CO)O)O)O)O,342.297,-5.3956,189.53,8.0,11.0,5.0,0.0,2.0,1.0,23.0,0.0,0.0,0.0,0.0,0.0,0.0,0.0,3.0,0.0,0.0,0.0
5997,CC(C)CCCC(C)C1CCC2C1(CCC3C2CC=C4C3(CCC(C4)O)C)C,386.664,7.3887,20.23,1.0,1.0,5.0,0.0,4.0,0.9259259,28.0,0.0,0.0,0.0,0.0,0.0,0.0,0.0,0.0,0.0,0.0,0.0
6049,C(CN(CC(=O)O)CC(=O)O)N(CC(=O)O)CC(=O)O,292.244,-2.0712,155.68,4.0,6.0,11.0,0.0,0.0,0.6,20.0,0.0,0.0,0.0,0.0,0.0,0.0,0.0,0.0,0.0,0.0,4.0
6106,CC(C)CC(C(=O)O)N,131.175,0.4444,63.32,2.0,2.0,3.0,0.0,0.0,0.8333333,9.0,1.0,0.0,0.0,0.0,0.0,0.0,0.0,0.0,0.0,0.0,1.0
6134,C(C1C(C(C(C(O1)OC2C(OC(C(C2O)O)O)CO)O)O)O)O,342.297,-5.3972,189.53,8.0,11.0,4.0,0.0,2.0,1.0,23.0,0.0,0.0,0.0,0.0,0.0,0.0,0.0,3.0,0.0,0.0,0.0
6144,C(CN(CC(=O)[O-])CC(=O)[O-])N(CC(=O)[O-])CC(=O)[O-].[Na+].[Na+].[Na+].[Na+],380.172,-19.394,167.0,0.0,10.0,11.0,0.0,0.0,0.6,24.0,0.0,0.0,0.0,0.0,0.0,0.0,0.0,0.0,0.0,0.0,4.0
6224,C(C(=O)[O-])C(CC(=O)[O-])(C(=O)[O-])O.[Na+].[Na+].[Na+],258.069,-14.2406,140.62,1.0,7.0,5.0,0.0,0.0,0.5,16.0,0.0,0.0,0.0,0.0,0.0,0.0,0.0,0.0,0.0,0.0,3.0
6251,C(C(C(C(C(CO)O)O)O)O)O,182.172,-3.5854,121.38,6.0,6.0,5.0,0.0,0.0,1.0,12.0,0.0,0.0,0.0,0.0,0.0,0.0,0.0,0.0,0.0,0.0,0.0
6255,C(C1C(C(C(C(O1)OC2C(OC(C(C2O)O)O)CO)O)O)O)O,342.297,-5.3972,189.53,8.0,11.0,4.0,0.0,2.0,1.0,23.0,0.0,0.0,0.0,0.0,0.0,0.0,0.0,3.0,0.0,0.0,0.0
6344,C(Cl)Cl,84.933,1.4215,0.0,0.0,0.0,0.0,0.0,0.0,1.0,3.0,0.0,0.0,0.0,0.0,0.0,0.0,0.0,0.0,0.0,2.0,0.0
6354,C1CO1,44.053,0.0166,12.53,0.0,1.0,0.0,0.0,1.0,1.0,3.0,0.0,0.0,0.0,0.0,0.0,0.0,0.0,1.0,1.0,0.0,0.0
6375,C[N+](=O)[O-],61.04,-0.1071,43.14,0.0,2.0,0.0,0.0,0.0,1.0,4.0,0.0,0.0,0.0,0.0,0.0,0.0,0.0,0.0,0.0,0.0,0.0
6506,CCOC(=O)CC(CC(=O)OCC)(C(=O)OCC)O,276.285,0.187,99.13,1.0,7.0,8.0,0.0,0.0,0.75,19.0,0.0,0.0,3.0,0.0,0.0,0.0,0.0,3.0,0.0,0.0,0.0
6581,C=CC(=O)O,72.063,0.257,37.3,1.0,1.0,1.0,0.0,0.0,0.0,5.0,0.0,0.0,0.0,0.0,0.0,0.0,0.0,0.0,0.0,0.0,1.0
6587,CC[N+](=O)[O-],75.067,0.283,43.14,0.0,2.0,1.0,0.0,0.0,1.0,5.0,0.0,0.0,0.0,0.0,0.0,0.0,0.0,0.0,0.0,0.0,0.0
6635,C1=CC(=CC=C1OS(=O)(=O)C2=CC=C(C=C2)Cl)Cl,303.166,3.7611,43.37,0.0,3.0,3.0,2.0,2.0,0.0,18.0,0.0,0.0,0.0,0.0,0.0,0.0,0.0,0.0,0.0,2.0,0.0
6658,CC(=C)C(=O)OC,100.117,0.7355,26.3,0.0,2.0,1.0,0.0,0.0,0.4,7.0,0.0,0.0,1.0,0.0,0.0,0.0,0.0,1.0,0.0,0.0,0.0
6731,C1=CC=C2C(=C1)C=CC(=N2)C3C(=O)C4=CC=CC=C4C3=O,273.291,3.3976,47.03,0.0,3.0,1.0,3.0,4.0,0.055555556,21.0,0.0,0.0,0.0,0.0,0.0,2.0,0.0,0.0,0.0,0.0,0.0
6781,CCOC(=O)C1=CC=CC=C1C(=O)OCC,222.24,2.04,52.6,0.0,4.0,4.0,1.0,1.0,0.33333334,16.0,0.0,0.0,2.0,0.0,0.0,0.0,0.0,2.0,0.0,0.0,0.0
6912,C(C(C(C(CO)O)O)O)O,152.146,-2.9463,101.15,5.0,5.0,4.0,0.0,0.0,1.0,10.0,0.0,0.0,0.0,0.0,0.0,0.0,0.0,0.0,0.0,0.0,0.0
6917,C=CN1CCCC1=O,111.144,0.7523,20.31,0.0,1.0,1.0,0.0,1.0,0.5,8.0,0.0,0.0,0.0,1.0,0.0,0.0,0.0,0.0,0.0,0.0,0.0
6932,CC(C)(C)C1=C(C=CC(=C1)O)OC,180.247,2.6983,29.46,1.0,2.0,1.0,1.0,1.0,0.45454547,13.0,0.0,0.0,0.0,0.0,0.0,0.0,1.0,1.0,0.0,0.0,0.0
6989,CC1=CC(=C(C=C1)C(C)C)O,150.221,2.82402,20.23,1.0,1.0,1.0,1.0,1.0,0.4,11.0,0.0,0.0,0.0,0.0,0.0,0.0,1.0,0.0,0.0,0.0,0.0
7175,CCCOC(=O)C1=CC=C(C=C1)O,180.203,1.959,46.53,1.0,3.0,3.0,1.0,1.0,0.3,13.0,0.0,0.0,1.0,0.0,0.0,0.0,1.0,1.0,0.0,0.0,0.0
7439,CC1=CCC(CC1=O)C(=C)C,150.221,2.4879,17.07,0.0,1.0,1.0,0.0,1.0,0.5,11.0,0.0,0.0,0.0,0.0,0.0,1.0,0.0,0.0,0.0,0.0,0.0
7456,COC(=O)C1=CC=C(C=C1)O,152.149,1.1788,46.53,1.0,3.0,1.0,1.0,1.0,0.125,11.0,0.0,0.0,1.0,0.0,0.0,0.0,1.0,1.0,0.0,0.0,0.0
7903,CCC[N+](=O)[O-],89.094,0.6731,43.14,0.0,2.0,2.0,0.0,0.0,1.0,6.0,0.0,0.0,0.0,0.0,0.0,0.0,0.0,0.0,0.0,0.0,0.0
7904,CC(=O)OC=C,86.09,0.693,26.3,0.0,2.0,1.0,0.0,0.0,0.25,6.0,0.0,0.0,1.0,0.0,0.0,0.0,0.0,1.0,0.0,0.0,0.0
7923,C1=CC(=O)OC1=O,98.057,-0.374,43.37,0.0,3.0,0.0,0.0,1.0,0.0,7.0,0.0,0.0,2.0,0.0,0.0,0.0,0.0,1.0,0.0,0.0,0.0
7986,CCCCOC(=O)CCCCCCCCC(=O)OCCCC,314.466,4.7938,52.6,0.0,4.0,15.0,0.0,0.0,0.8888889,22.0,0.0,0.0,2.0,0.0,0.0,0.0,0.0,2.0,0.0,0.0,0.0
8146,CCOCCOCCO,134.175,0.0318,38.69,1.0,3.0,6.0,0.0,0.0,1.0,9.0,0.0,0.0,0.0,0.0,0.0,0.0,0.0,2.0,0.0,0.0,0.0
8314,CCC(C)C(=O)O,102.133,1.1171,37.3,1.0,1.0,2.0,0.0,0.0,0.8,7.0,0.0,0.0,0.0,0.0,0.0,0.0,0.0,0.0,0.0,0.0,1.0
8434,CCOC(=O)C1=CC=C(C=C1)O,166.176,1.5689,46.53,1.0,3.0,2.0,1.0,1.0,0.22222222,12.0,0.0,0.0,1.0,0.0,0.0,0.0,1.0,1.0,0.0,0.0,0.0
8456,CC(C)(C)C1=C(C=CC(=C1)OC)O,180.247,2.6983,29.46,1.0,2.0,1.0,1.0,1.0,0.45454547,13.0,0.0,0.0,0.0,0.0,0.0,0.0,1.0,1.0,0.0,0.0,0.0
8567,CNCC(C(C(C(CO)O)O)O)O,195.215,-3.3583,113.18,6.0,6.0,6.0,0.0,0.0,1.0,13.0,0.0,1.0,0.0,0.0,0.0,0.0,0.0,0.0,0.0,0.0,0.0
8578,CC1=CC=CC=C1N=NC2=C(C=CC3=CC=CC=C32)N,261.328,5.14582,50.74,1.0,3.0,2.0,3.0,3.0,0.05882353,20.0,1.0,0.0,0.0,0.0,0.0,0.0,0.0,0.0,0.0,0.0,0.0
8753,CCCCCCCCCCCC[N+](C)(C)CC1=CC=CC=C1.[Cl-],339.995,3.1879,0.0,0.0,0.0,13.0,1.0,1.0,0.71428573,23.0,0.0,0.0,0.0,0.0,0.0,0.0,0.0,0.0,0.0,1.0,0.0
9290,C(C(C(C(C(C(=O)[O-])O)O)O)O)O.C(C(C(C(C(C(=O)[O-])O)O)O)O)O.[Ca+2],430.372,-10.0364,282.56,10.0,14.0,10.0,0.0,0.0,0.8333333,27.0,0.0,0.0,0.0,0.0,0.0,0.0,0.0,0.0,0.0,0.0,2.0
10112,C(=O)([O-])[O-].[Ca+2],100.086,-2.8278,63.19,0.0,3.0,0.0,0.0,0.0,0.0,5.0,0.0,0.0,0.0,0.0,0.0,0.0,0.0,0.0,0.0,0.0,0.0
10340,C(=O)([O-])[O-].[Na+].[Na+],105.988,-8.439,63.19,0.0,3.0,0.0,0.0,0.0,0.0,6.0,0.0,0.0,0.0,0.0,0.0,0.0,0.0,0.0,0.0,0.0,0.0
10608,C1=CC=C(C(=C1)C2=C3C=CC(=O)C=C3OC4=C2C=CC(=C4)[O-])C(=O)[O-].[Na+].[Na+],376.275,-3.9901,93.4,0.0,5.0,2.0,2.0,4.0,0.0,27.0,0.0,0.0,0.0,0.0,0.0,0.0,0.0,0.0,0.0,0.0,1.0
10960,CC(=O)OCCO,104.105,-0.4582,46.53,1.0,3.0,2.0,0.0,0.0,0.75,7.0,0.0,0.0,1.0,0.0,0.0,0.0,0.0,1.0,0.0,0.0,0.0
11029,C(=O)([O-])[O-].[Mg+2],84.313,-2.8278,63.19,0.0,3.0,0.0,0.0,0.0,0.0,5.0,0.0,0.0,0.0,0.0,0.0,0.0,0.0,0.0,0.0,0.0,0.0
11177,CCCCCCCCCCCCCCCCCC(=O)[O-].CCCCCCCCCCCCCCCCCC(=O)[O-].[Mg+2],591.257,9.6148,80.26,0.0,4.0,32.0,0.0,0.0,0.9444444,41.0,0.0,0.0,0.0,0.0,0.0,0.0,0.0,0.0,0.0,0.0,2.0
11178,CCCCCCCCCCCCCCCCCC(=O)[O-].CCCCCCCCCCCCCCCCCC(=O)[O-].[Zn+2],632.342,9.9931,80.26,0.0,4.0,32.0,0.0,0.0,0.9444444,41.0,0.0,0.0,0.0,0.0,0.0,0.0,0.0,0.0,0.0,0.0,2.0
11199,C=CO,44.053,0.6879,20.23,1.0,1.0,0.0,0.0,0.0,0.0,3.0,0.0,0.0,0.0,0.0,0.0,0.0,0.0,0.0,0.0,0.0,0.0
11339,CCCCC(CC)COC(=O)CC(C(=O)OCC(CC)CCCC)S(=O)(=O)O,422.584,4.1521,106.97,1.0,6.0,16.0,0.0,0.0,0.9,28.0,0.0,0.0,2.0,0.0,0.0,0.0,0.0,2.0,0.0,0.0,0.0
12449,CCN(CC)C1=CC=C(C=C1)C(=C2C=CC(=[N+](CC)CC)C=C2)C3=CC=CC=C3.OS(=O)(=O)[O-],482.646,4.9586,83.68,1.0,4.0,7.0,2.0,3.0,0.2962963,34.0,0.0,0.0,0.0,0.0,0.0,0.0,0.0,0.0,0.0,0.0,0.0
13136,C(C(=O)[O-])C(CC(=O)[O-])(C(=O)[O-])O.C(C(=O)[O-])C(CC(=O)[O-])(C(=O)[O-])O.[Ca+2].[Ca+2].[Ca+2],498.432,-11.6476,281.24,2.0,14.0,10.0,0.0,0.0,0.5,29.0,0.0,0.0,0.0,0.0,0.0,0.0,0.0,0.0,0.0,0.0,6.0
13144,CC(C(=O)[O-])O.CC(C(=O)[O-])O.[Ca+2],218.218,-4.1466,120.72,2.0,6.0,2.0,0.0,0.0,0.6666667,13.0,0.0,0.0,0.0,0.0,0.0,0.0,0.0,0.0,0.0,0.0,2.0
14778,O=[Ca],56.077,-0.4996,17.07,0.0,1.0,0.0,0.0,0.0,0.0,2.0,0.0,0.0,0.0,0.0,0.0,0.0,0.0,0.0,0.0,0.0,0.0
14781,[OH-].[O-]P(=O)([O-])[O-].[O-]P(=O)([O-])[O-].[O-]P(=O)([O-])[O-].[Ca+2].[Ca+2].[Ca+2].[Ca+2].[Ca+2],502.307,-10.5546,288.75,0.0,13.0,0.0,0.0,0.0,0.0,21.0,0.0,0.0,0.0,0.0,0.0,0.0,0.0,0.0,0.0,0.0,0.0
14789,O[Fe]=O.O[Fe]=O.[Fe],233.547,-1.3591,74.6,2.0,2.0,0.0,0.0,0.0,0.0,7.0,0.0,0.0,0.0,0.0,0.0,0.0,0.0,0.0,0.0,0.0,0.0
14792,O=[Mg],40.304,-0.4996,17.07,0.0,1.0,0.0,0.0,0.0,0.0,2.0,0.0,0.0,0.0,0.0,0.0,0.0,0.0,0.0,0.0,0.0,0.0
14793,O=[Pb]=O,239.198,-0.6184,34.14,0.0,2.0,0.0,0.0,0.0,0.0,3.0,0.0,0.0,0.0,0.0,0.0,0.0,0.0,0.0,0.0,0.0,0.0
14797,[OH-].[K+],56.105,-3.1728,30.0,0.0,1.0,0.0,0.0,0.0,0.0,2.0,0.0,0.0,0.0,0.0,0.0,0.0,0.0,0.0,0.0,0.0,0.0
14798,[OH-].[Na+],39.997,-3.1728,30.0,0.0,1.0,0.0,0.0,0.0,0.0,2.0,0.0,0.0,0.0,0.0,0.0,0.0,0.0,0.0,0.0,0.0,0.0
14806,O=[Zn],81.389,-0.1213,17.07,0.0,1.0,0.0,0.0,0.0,0.0,2.0,0.0,0.0,0.0,0.0,0.0,0.0,0.0,0.0,0.0,0.0,0.0
14915,O=[Cr](=O)=O,99.993,-0.3589,51.21,0.0,3.0,0.0,0.0,0.0,0.0,4.0,0.0,0.0,0.0,0.0,0.0,0.0,0.0,0.0,0.0,0.0,0.0
14923,[NH4+].[OH-],35.046,0.1994,66.5,1.0,1.0,0.0,0.0,0.0,0.0,2.0,0.0,0.0,0.0,0.0,0.0,0.0,0.0,0.0,0.0,0.0,0.0
14945,O=[Fe],71.844,-0.1213,17.07,0.0,1.0,0.0,0.0,0.0,0.0,2.0,0.0,0.0,0.0,0.0,0.0,0.0,0.0,0.0,0.0,0.0,0.0
14950,CC1=C2C(=CC(=C1C(=O)O)O)C(=O)C3=C(C2=O)C(=C(C(=C3O)O)C4C(C(C(C(O4)CO)O)O)O)O,492.389,-1.19408,242.51,9.0,12.0,3.0,2.0,4.0,0.3181818,35.0,0.0,0.0,0.0,0.0,0.0,2.0,4.0,1.0,0.0,0.0,1.0
15324,CCCCCCCCCCCCCCCCCC(=O)[O-].CCCCCCCCCCCCCCCCCC(=O)[O-].[Ca+2],607.03,9.6148,80.26,0.0,4.0,32.0,0.0,0.0,0.9444444,41.0,0.0,0.0,0.0,0.0,0.0,0.0,0.0,0.0,0.0,0.0,2.0
17466,C1=CC=C2C(=C1)C(=CC=C2S(=O)(=O)[O-])N=NC3=C(C=CC4=CC(=CC(=C43)S(=O)(=O)[O-])S(=O)(=O)[O-])O.[Na+].[Na+].[Na+],604.483,-6.1617,216.55,1.0,12.0,5.0,4.0,4.0,0.0,38.0,0.0,0.0,0.0,0.0,0.0,0.0,1.0,0.0,0.0,0.0,0.0
17730,C1=CC(=CC=C1N=NC2=C(C=CC3=C2C=CC(=C3)S(=O)(=O)[O-])O)S(=O)(=O)[O-].[Na+].[Na+],452.377,-3.223,159.35,1.0,9.0,4.0,3.0,3.0,0.0,29.0,0.0,0.0,0.0,0.0,0.0,0.0,1.0,0.0,0.0,0.0,0.0
17734,CNC1=C(C=C(C=C1)N(CCO)CCO)[N+](=O)[O-],255.274,0.4275,98.87,3.0,6.0,7.0,1.0,1.0,0.45454547,18.0,0.0,1.0,0.0,0.0,0.0,0.0,0.0,0.0,0.0,0.0,0.0
19116,C1=CC=C(C=C1)N=NC2=C(C3=C(C=C(C=C3C=C2S(=O)(=O)[O-])S(=O)(=O)[O-])N)O.[Na+].[Na+],467.392,-3.6408,185.37,2.0,10.0,4.0,3.0,3.0,0.0,30.0,1.0,0.0,0.0,0.0,0.0,0.0,1.0,0.0,0.0,0.0,0.0
19660,C(=O)([O-])[O-],60.008,-2.447,63.19,0.0,3.0,0.0,0.0,0.0,0.0,4.0,0.0,0.0,0.0,0.0,0.0,0.0,0.0,0.0,0.0,0.0,0.0
19700,CCN(CC1=CC(=CC=C1)S(=O)(=O)[O-])C2=CC=C(C=C2)C(=C3C=CC(=[N+](CC)CC4=CC(=CC=C4)S(=O)(=O)[O-])C=C3)C5=CC=CC=C5S(=O)(=O)[O-].[Na+].[Na+],792.865,-0.9651,177.85,0.0,10.0,12.0,4.0,5.0,0.16216215,53.0,0.0,0.0,0.0,0.0,0.0,0.0,0.0,0.0,0.0,0.0,0.0
20353,CC1=C(C(=C(C2=C1OC(CC2)(C)CCCC(C)CCCC(C)CCCC(C)C)C)OC(=O)CCC(=O)O)C,530.79,8.90486,72.83,1.0,4.0,16.0,1.0,2.0,0.75757575,38.0,0.0,0.0,1.0,0.0,0.0,0.0,0.0,2.0,0.0,0.0,1.0
22311,CC1=CCC(CC1)C(=C)C,136.238,3.3089,0.0,0.0,0.0,1.0,0.0,1.0,0.6,10.0,0.0,0.0,0.0,0.0,0.0,0.0,0.0,0.0,0.0,0.0,0.0
22985,[NH4+].[N+](=O)([O-])[O-],80.043,0.1371,102.7,1.0,3.0,0.0,0.0,0.0,0.0,5.0,0.0,0.0,0.0,0.0,0.0,0.0,0.0,0.0,0.0,0.0,0.0
23931,[Hg],200.59,-0.0025,0.0,0.0,0.0,0.0,0.0,0.0,0.0,1.0,0.0,0.0,0.0,0.0,0.0,0.0,0.0,0.0,0.0,0.0,0.0
23954,[Ag],107.868,-0.0025,0.0,0.0,0.0,0.0,0.0,0.0,0.0,1.0,0.0,0.0,0.0,0.0,0.0,0.0,0.0,0.0,0.0,0.0,0.0
23978,[Cu],63.546,-0.0025,0.0,0.0,0.0,0.0,0.0,0.0,0.0,1.0,0.0,0.0,0.0,0.0,0.0,0.0,0.0,0.0,0.0,0.0,0.0
23994,[Zn],65.39,-0.0025,0.0,0.0,0.0,0.0,0.0,0.0,0.0,1.0,0.0,0.0,0.0,0.0,0.0,0.0,0.0,0.0,0.0,0.0,0.0
24203,OP(=O)([O-])[O-].[Na+].[Na+],141.958,-8.1846,83.42,1.0,3.0,0.0,0.0,0.0,0.0,7.0,0.0,0.0,0.0,0.0,0.0,0.0,0.0,0.0,0.0,0.0,0.0
24261,O=[Si]=O,60.084,-0.6184,34.14,0.0,2.0,0.0,0.0,0.0,0.0,3.0,0.0,0.0,0.0,0.0,0.0,0.0,0.0,0.0,0.0,0.0,0.0
24268,[N+](=O)([O-])[O-].[Na+],84.994,-3.2351,66.2,0.0,3.0,0.0,0.0,0.0,0.0,5.0,0.0,0.0,0.0,0.0,0.0,0.0,0.0,0.0,0.0,0.0,0.0
24401,[O-][Mn](=O)(=O)=O,118.934,-1.5479,74.27,0.0,4.0,0.0,0.0,0.0,0.0,5.0,0.0,0.0,0.0,0.0,0.0,0.0,0.0,0.0,0.0,0.0,0.0
24424,[O-]S(=O)(=O)[O-].[Zn+2],161.453,-1.3405,80.26,0.0,4.0,0.0,0.0,0.0,0.0,6.0,0.0,0.0,0.0,0.0,0.0,0.0,0.0,0.0,0.0,0.0,0.0
24434,[N+](=O)([O-])[O-].[K+],101.102,-3.2351,66.2,0.0,3.0,0.0,0.0,0.0,0.0,5.0,0.0,0.0,0.0,0.0,0.0,0.0,0.0,0.0,0.0,0.0,0.0
24441,OP(=O)([O-])[O-].[Ca+2],136.056,-2.5734,83.42,1.0,3.0,0.0,0.0,0.0,0.0,6.0,0.0,0.0,0.0,0.0,0.0,0.0,0.0,0.0,0.0,0.0,0.0
24451,OP(=O)([O-])OP(=O)(O)[O-].[Na+].[Na+],221.937,-8.0676,129.95,2.0,5.0,2.0,0.0,0.0,0.0,11.0,0.0,0.0,0.0,0.0,0.0,0.0,0.0,0.0,0.0,0.0,0.0
24456,[O-]P(=O)([O-])[O-].[O-]P(=O)([O-])[O-].[Ca+2].[Ca+2].[Ca+2],310.174,-6.7916,172.5,0.0,8.0,0.0,0.0,0.0,0.0,13.0,0.0,0.0,0.0,0.0,0.0,0.0,0.0,0.0,0.0,0.0,0.0
24462,[O-]S(=O)(=O)[O-].[Cu+2],159.609,-1.3405,80.26,0.0,4.0,0.0,0.0,0.0,0.0,6.0,0.0,0.0,0.0,0.0,0.0,0.0,0.0,0.0,0.0,0.0,0.0
24470,[N+](=O)([O-])[O-].[Ag+],169.872,-0.2416,66.2,0.0,3.0,0.0,0.0,0.0,0.0,5.0,0.0,0.0,0.0,0.0,0.0,0.0,0.0,0.0,0.0,0.0,0.0
24477,[O-]S(=O)(=S)[O-].[Na+].[Na+],158.111,-6.9985,63.19,0.0,4.0,0.0,0.0,0.0,0.0,7.0,0.0,0.0,0.0,0.0,0.0,0.0,0.0,0.0,0.0,0.0,0.0
24497,[O-]S(=O)(=O)[O-].[Ca+2],136.141,-1.7188,80.26,0.0,4.0,0.0,0.0,0.0,0.0,6.0,0.0,0.0,0.0,0.0,0.0,0.0,0.0,0.0,0.0,0.0,0.0
24526,ClCl,70.906,1.379,0.0,0.0,0.0,0.0,0.0,0.0,0.0,2.0,0.0,0.0,0.0,0.0,0.0,0.0,0.0,0.0,0.0,2.0,0.0
24638,OS(=O)(=O)Cl,116.525,0.028,54.37,1.0,2.0,0.0,0.0,0.0,0.0,5.0,0.0,0.0,0.0,0.0,0.0,0.0,0.0,0.0,0.0,1.0,0.0
24667,CC(C)(C)C1=C(C=CC(=C1)O)OC.CC(C)(C)C1=C(C=CC(=C1)OC)O,360.494,5.3966,58.92,2.0,4.0,2.0,2.0,2.0,0.45454547,26.0,0.0,0.0,0.0,0.0,0.0,0.0,2.0,2.0,0.0,0.0,0.0
24671,C1=CC=C2C(=C1)C(=O)C(C2=O)C3=NC4=C(C=C(C=C4C=C3)S(=O)(=O)[O-])S(=O)(=O)[O-].[Na+].[Na+],477.383,-4.7862,161.43,0.0,9.0,3.0,3.0,4.0,0.055555556,31.0,0.0,0.0,0.0,0.0,0.0,2.0,0.0,0.0,0.0,0.0,0.0
24699,CCCCCCCCCCCCCCCCCC(=O)OCC(CO)O,358.563,5.1443,66.76,2.0,4.0,19.0,0.0,0.0,0.95238096,25.0,0.0,0.0,1.0,0.0,0.0,0.0,0.0,1.0,0.0,0.0,0.0
24705,C[Si](C)(C)O[Si](C)(C)O[Si](C)(C)C,236.536,3.3912,18.46,0.0,2.0,4.0,0.0,0.0,1.0,13.0,0.0,0.0,0.0,0.0,0.0,0.0,0.0,0.0,0.0,0.0,0.0
24748,CC(=O)O.C(C(C(C(C(C=O)O)O)O)O)O,240.208,-3.2879,155.52,6.0,7.0,5.0,0.0,0.0,0.75,16.0,0.0,0.0,0.0,0.0,1.0,0.0,0.0,0.0,0.0,0.0,1.0
24751,CC1CO1.C1CO1,102.133,0.4217,25.06,0.0,2.0,0.0,0.0,2.0,1.0,7.0,0.0,0.0,0.0,0.0,0.0,0.0,0.0,2.0,2.0,0.0,0.0
24823,[O-][O+]=O,47.997,-1.122,51.43,0.0,2.0,0.0,0.0,0.0,0.0,3.0,0.0,0.0,0.0,0.0,0.0,0.0,0.0,0.0,0.0,0.0,0.0
24844,O.O.[Cl-].[Cl-].[Ca+2],147.014,-8.0222,63.0,0.0,0.0,0.0,0.0,0.0,0.0,5.0,0.0,0.0,0.0,0.0,0.0,0.0,0.0,0.0,0.0,2.0,0.0
24928,O.O.[O-]S(=O)(=O)[O-].[Ca+2],172.171,-3.3682,143.26,0.0,4.0,0.0,0.0,0.0,0.0,8.0,0.0,0.0,0.0,0.0,0.0,0.0,0.0,0.0,0.0,0.0,0.0
25100,CCCCCCC(CCCCCCCCCCC(=O)OCC(COC(=O)CCCCCCCCCCC(CCCCCC)O)OC(=O)CCCCCCCCCCC(CCCCCC)O)O,939.498,15.6815,139.59,3.0,9.0,53.0,0.0,0.0,0.94736844,66.0,0.0,0.0,3.0,0.0,0.0,0.0,0.0,3.0,0.0,0.0,0.0
25517,[NH4+].[Cl-],53.492,-2.6198,36.5,1.0,0.0,0.0,0.0,0.0,0.0,2.0,0.0,0.0,0.0,0.0,0.0,0.0,0.0,0.0,0.0,1.0,0.0
26042,O=[Ti]=O,79.865,-0.2401,34.14,0.0,2.0,0.0,0.0,0.0,0.0,3.0,0.0,0.0,0.0,0.0,0.0,0.0,0.0,0.0,0.0,0.0,0.0
26447,CC1CCC(C(=O)C1)C(C)C,154.253,2.6477,17.07,0.0,1.0,1.0,0.0,1.0,0.9,11.0,0.0,0.0,0.0,0.0,0.0,1.0,0.0,0.0,0.0,0.0,0.0
26574,B([O-])([O-])[O-],58.809,-3.9478,69.18,0.0,3.0,0.0,0.0,0.0,0.0,4.0,0.0,0.0,0.0,0.0,0.0,0.0,0.0,0.0,0.0,0.0,0.0
26924,O[Si](=O)[O-].O[Si](=O)[O-].[O-][Si](=O)[O-].[O-][Si](=O)[O-].[Mg+2].[Mg+2].[Mg+2],379.263,-11.3888,247.1,2.0,10.0,0.0,0.0,0.0,0.0,19.0,0.0,0.0,0.0,0.0,0.0,0.0,0.0,0.0,0.0,0.0,0.0
27099,[Cu+2],63.546,-0.0025,0.0,0.0,0.0,0.0,0.0,0.0,0.0,1.0,0.0,0.0,0.0,0.0,0.0,0.0,0.0,0.0,0.0,0.0,0.0
27284,[Fe+2],55.845,-0.0025,0.0,0.0,0.0,0.0,0.0,0.0,0.0,1.0,0.0,0.0,0.0,0.0,0.0,0.0,0.0,0.0,0.0,0.0,0.0
29936,[Fe+3],55.845,-0.0025,0.0,0.0,0.0,0.0,0.0,0.0,0.0,1.0,0.0,0.0,0.0,0.0,0.0,0.0,0.0,0.0,0.0,0.0,0.0
30165,[I-],126.904,-2.996,0.0,0.0,0.0,0.0,0.0,0.0,0.0,1.0,0.0,0.0,0.0,0.0,0.0,0.0,0.0,0.0,0.0,1.0,0.0
31296,C(Cl)(Br)Br,208.28,2.2986,0.0,0.0,0.0,0.0,0.0,0.0,1.0,4.0,0.0,0.0,0.0,0.0,0.0,0.0,0.0,0.0,0.0,3.0,0.0
31348,C(C(=O)[O-])C(CC(=O)[O-])(C(=O)[O-])O,189.099,-5.2526,140.62,1.0,7.0,5.0,0.0,0.0,0.5,13.0,0.0,0.0,0.0,0.0,0.0,0.0,0.0,0.0,0.0,0.0,3.0
31404,CC1=CC(=C(C(=C1)C(C)(C)C)O)C(C)(C)C,220.356,4.29562,20.23,1.0,1.0,0.0,1.0,1.0,0.6,16.0,0.0,0.0,0.0,0.0,0.0,0.0,1.0,0.0,0.0,0.0,0.0
33258,CC1=CC(=C(C=C1S(=O)(=O)[O-])OC)N=NC2=C(C=CC3=C2C=CC(=C3)S(=O)(=O)[O-])O.[Na+].[Na+],496.43,-2.90598,168.58,1.0,10.0,5.0,3.0,3.0,0.11111111,32.0,0.0,0.0,0.0,0.0,0.0,0.0,1.0,1.0,0.0,0.0,0.0
47932,C1=CC(=C(C=C1N)N)OCCO.Cl.Cl,241.118,1.0657,81.5,3.0,4.0,3.0,1.0,1.0,0.25,14.0,2.0,0.0,0.0,0.0,0.0,0.0,0.0,1.0,0.0,2.0,0.0
61560,O.[O-2].[O-2].[O-2].[Fe+3].[Fe+3],177.702,-1.1861,117.0,0.0,0.0,0.0,0.0,0.0,0.0,6.0,0.0,0.0,0.0,0.0,0.0,0.0,0.0,0.0,0.0,0.0,0.0
61817,C1=CC(=CC=C1N=NC2=C(C=CC3=C2C=CC(=C3)S(=O)(=O)[O-])[O-])S(=O)(=O)[O-].[Al+3],432.371,1.7562,162.18,0.0,9.0,4.0,3.0,3.0,0.0,28.0,0.0,0.0,0.0,0.0,0.0,0.0,0.0,0.0,0.0,0.0,0.0
62238,CCCCCCCCCCCCCCCCCCO.CCCCCCCCCCCCCCCCO,512.948,11.7002,40.46,2.0,2.0,30.0,0.0,0.0,1.0,36.0,0.0,0.0,0.0,0.0,0.0,0.0,0.0,0.0,0.0,0.0,0.0
62344,CN(C)C1=CC2=C(C=C1)C=C3C=CC(=CC3=N2)N(C)C,265.36,3.52,19.37,0.0,3.0,2.0,3.0,3.0,0.23529412,20.0,0.0,0.0,0.0,0.0,0.0,0.0,0.0,0.0,0.0,0.0,0.0
62551,C(COCCOCCOCCOCCO)O,238.28,-0.9626,77.38,2.0,6.0,13.0,0.0,0.0,1.0,16.0,0.0,0.0,0.0,0.0,0.0,0.0,0.0,4.0,0.0,0.0,0.0
62698,C(C1C(C(C(C(O1)OC2C(OC(C(C2O)O)OC3C(OC(C(C3O)O)O)CO)CO)O)O)O)O,504.438,-7.573,268.68,11.0,16.0,7.0,0.0,3.0,1.0,34.0,0.0,0.0,0.0,0.0,0.0,0.0,0.0,5.0,0.0,0.0,0.0
68245,C1=C(C=C(C(=C1O)O)O)C2=[O+]C3=CC(=CC(=C3C=C2O)O)O.[Cl-],338.699,-0.3815,132.68,6.0,6.0,1.0,3.0,3.0,0.0,23.0,0.0,0.0,0.0,0.0,0.0,0.0,5.0,0.0,0.0,1.0,0.0
71406,CC1=C(C(=C(C2=C1OC(CC2)(C)CCCC(C)CCCC(C)CCCC(C)C)C)OC(=O)CCC(=O)OCCO)C,574.843,8.35576,82.06,1.0,6.0,18.0,1.0,2.0,0.7714286,41.0,0.0,0.0,2.0,0.0,0.0,0.0,0.0,3.0,0.0,0.0,0.0
71485,C(C1C(C(C(C(O1)OC2(C(C(C(O2)CCl)O)O)CCl)O)O)Cl)O,397.635,-1.6561,128.84,5.0,8.0,5.0,0.0,2.0,1.0,23.0,0.0,0.0,0.0,0.0,0.0,0.0,0.0,3.0,0.0,3.0,0.0
71853,COC(=O)NC1C(C(C(OC1OC2C(OC(C(C2O)N)OC3C(OC(C(C3O)N)O)CO)CO)CO)OC4C(C(C(C(O4)CO)OC5C(C(C(C(O5)CO)OC6C(C(C(C(O6)CO)OC7C(C(C(C(O7)CO)OC8C(C(C(C(O8)CO)OC9C(C(C(C(O9)CO)O)O)N)O)N)O)N)O)N)O)N)O)N)O,1526.464,-20.5329,808.0,29.0,47.0,26.0,0.0,9.0,0.98214287,104.0,8.0,1.0,0.0,1.0,0.0,0.0,0.0,18.0,0.0,0.0,0.0
72041,CC(=O)NC1C(C(C(OC1OC2C(OC(C(C2OC(=O)C)O)OC3C(OC(C(C3OC(=O)C)O)OC4C(OC(C(C4OC(=O)C)O)OC)CO)CO)CO)CO)OC5C(C(C(C(O5)CO)OC6C(C(C(C(O6)C(=O)[O-])OC7C(C(C(C(O7)CO)OC8C(C(C(C(O8)CO)OC)OC(=O)C)O)OC(=O)C)O)OC(=O)C)O)OC(=O)C)O)O,1691.484,-14.2468,713.69,16.0,49.0,32.0,0.0,8.0,0.8636364,116.0,0.0,1.0,7.0,1.0,0.0,0.0,0.0,24.0,0.0,0.0,1.0
73981,[OH-].[OH-].[Mg+2],58.319,-0.7344,60.0,0.0,2.0,0.0,0.0,0.0,0.0,3.0,0.0,0.0,0.0,0.0,0.0,0.0,0.0,0.0,0.0,0.0,0.0
75905,C=CC1=CC=C(C=C1)S(=O)(=O)O,184.216,1.5763,54.37,1.0,2.0,2.0,1.0,1.0,0.0,12.0,0.0,0.0,0.0,0.0,0.0,0.0,0.0,0.0,0.0,0.0,0.0
84571,C(C1C(C(C(C(O1)OC2C(OC(C(C2O)O)O)CO)O)O)O)O,342.297,-5.3972,189.53,8.0,11.0,4.0,0.0,2.0,1.0,23.0,0.0,0.0,0.0,0.0,0.0,0.0,0.0,3.0,0.0,0.0,0.0
86472,CC1=C(C(=C(C2=C1OC(CC2)(C)CCCC(C)CCCC(C)CCCC(C)C)C)OC(=O)C)C,472.754,9.05996,35.53,0.0,3.0,13.0,1.0,2.0,0.7741935,34.0,0.0,0.0,1.0,0.0,0.0,0.0,0.0,2.0,0.0,0.0,0.0
88735,C(C1C(C(C(C(O1)OCC(C(C(C(CO)O)O)O)O)O)O)O)O,344.313,-5.7612,200.53,9.0,11.0,8.0,0.0,1.0,1.0,23.0,0.0,0.0,0.0,0.0,0.0,0.0,0.0,2.0,0.0,0.0,0.0
89597,CC1=CC(=C(C=C1)NC(=O)C(C(=O)C)N=NC2=C(C=C(C(=C2)Cl)C3=CC(=C(C=C3Cl)N=NC(C(=O)C)C(=O)NC4=C(C=C(C=C4)C)C)Cl)Cl)C,754.502,10.56088,141.78,2.0,8.0,11.0,4.0,4.0,0.22222222,50.0,0.0,2.0,0.0,2.0,0.0,2.0,0.0,0.0,0.0,4.0,0.0
91502,O[Fe]=O,88.851,-0.6783,37.3,1.0,1.0,0.0,0.0,0.0,0.0,3.0,0.0,0.0,0.0,0.0,0.0,0.0,0.0,0.0,0.0,0.0,0.0
93374,C=O.C1(=NC(=NC(=N1)N)N)N,156.149,-1.5667,133.8,3.0,7.0,0.0,1.0,1.0,0.0,11.0,3.0,0.0,0.0,0.0,0.0,0.0,0.0,0.0,0.0,0.0,0.0
101269,CCCCCCCCCCCCCCCCCC(=O)OCC(COC(=O)CCCCCCCCCCCCCCCCC)O,625.032,11.9567,72.83,1.0,5.0,36.0,0.0,0.0,0.94871795,44.0,0.0,0.0,2.0,0.0,0.0,0.0,0.0,2.0,0.0,0.0,0.0
102503,C1=CC=C(C=C1)C(=O)NC(CCCN=C(N)N)C(=O)NC2=CC3=CC=CC=C3C=C2.Cl,439.947,3.0523,122.6,4.0,3.0,8.0,3.0,3.0,0.17391305,31.0,2.0,2.0,0.0,2.0,0.0,0.0,0.0,0.0,0.0,1.0,0.0
104748,OS(=O)[O-],81.072,-0.6615,60.36,1.0,2.0,0.0,0.0,0.0,0.0,4.0,0.0,0.0,0.0,0.0,0.0,0.0,0.0,0.0,0.0,0.0,0.0
104755,[Ag+],107.868,-0.0025,0.0,0.0,0.0,0.0,0.0,0.0,0.0,1.0,0.0,0.0,0.0,0.0,0.0,0.0,0.0,0.0,0.0,0.0,0.0
104804,CC(=C)C(=O)O.CC(=C)C(=O)O.CN(C)C,231.292,1.472,77.84,2.0,3.0,2.0,0.0,0.0,0.45454547,16.0,0.0,0.0,0.0,0.0,0.0,0.0,0.0,0.0,0.0,0.0,2.0
104805,O.O.OP(=O)([O-])[O-].[Ca+2],172.086,-4.2228,146.42,1.0,3.0,0.0,0.0,0.0,0.0,8.0,0.0,0.0,0.0,0.0,0.0,0.0,0.0,0.0,0.0,0.0,0.0
104840,C1CO1.C(C(CO)O)O,136.147,-1.6515,73.22,3.0,4.0,2.0,0.0,1.0,1.0,9.0,0.0,0.0,0.0,0.0,0.0,0.0,0.0,1.0,1.0,0.0,0.0
104931,CCOC(=O)C=C.CC(=C)C(=O)OC.CC(=C)C(=O)OCC[N+](C)(C)C.[Cl-],407.935,-0.7131,78.9,0.0,6.0,7.0,0.0,0.0,0.5263158,27.0,0.0,0.0,3.0,0.0,0.0,0.0,0.0,3.0,0.0,1.0,0.0
104938,C(C1C(C(C(C(O1)OC2C(OC(C(C2O)O)O)CO)O)O)O)O.O,360.312,-6.2219,221.03,8.0,11.0,4.0,0.0,2.0,1.0,24.0,0.0,0.0,0.0,0.0,0.0,0.0,0.0,3.0,0.0,0.0,0.0
105075,OS(=O)(=O)O.[Fe],153.924,-0.6553,74.6,2.0,2.0,0.0,0.0,0.0,0.0,6.0,0.0,0.0,0.0,0.0,0.0,0.0,0.0,0.0,0.0,0.0,0.0
107665,CCOC(=O)C=C.CC(=C)C(=O)O,186.207,1.3826,63.6,1.0,3.0,3.0,0.0,0.0,0.33333334,13.0,0.0,0.0,1.0,0.0,0.0,0.0,0.0,1.0,0.0,0.0,1.0
107689,CC(C(=O)O)O,90.078,-0.5482,57.53,2.0,2.0,1.0,0.0,0.0,0.6666667,6.0,0.0,0.0,0.0,0.0,0.0,0.0,0.0,0.0,0.0,0.0,1.0
114690,CCCCCCCCCCCCCCCCCC(=O)O.CCCCCCCCCCCCCCCC(=O)O.C(C(CO)O)O,633.008,10.2167,135.29,5.0,5.0,32.0,0.0,0.0,0.9459459,44.0,0.0,0.0,0.0,0.0,0.0,0.0,0.0,0.0,0.0,0.0,2.0
121950,CC(CO)O.CC(=O)O.CO.C(CC(=O)O)C(=O)O,286.277,-1.0053,172.59,6.0,6.0,4.0,0.0,0.0,0.7,19.0,0.0,0.0,0.0,0.0,0.0,0.0,0.0,0.0,0.0,0.0,3.0
123671,CCN(CC1=CC(=CC=C1)S(=O)(=O)[O-])C2=CC=C(C=C2)C(=C3C=CC(=[N+](CC)CC4=CC(=CC=C4)S(=O)(=O)O)C=C3)C5=CC=CC=C5S(=O)(=O)O,748.901,5.7121,172.19,2.0,8.0,12.0,4.0,5.0,0.16216215,51.0,0.0,0.0,0.0,0.0,0.0,0.0,0.0,0.0,0.0,0.0,0.0
123706,CCC(C1=C(C=C(C=C1)N(C)C)C)N,192.306,2.47082,29.26,1.0,2.0,3.0,1.0,1.0,0.5,14.0,1.0,0.0,0.0,0.0,0.0,0.0,0.0,0.0,0.0,0.0,0.0
131411,CCOC(=O)C1=C(N(C2=CC(=C(C(=C21)CN(C)C)O)Br)C)CSC3=CC=CC=C3,477.424,5.177,54.7,1.0,5.0,7.0,3.0,3.0,0.3181818,29.0,0.0,0.0,1.0,0.0,0.0,0.0,1.0,1.0,0.0,1.0,0.0
134601,COC(=O)C(CC1=CC=CC=C1)NC(=O)C(CC(=O)O)N,294.307,-0.3111,118.72,3.0,5.0,7.0,1.0,1.0,0.35714287,21.0,1.0,1.0,1.0,1.0,0.0,0.0,0.0,1.0,0.0,0.0,1.0
138843,C#P,43.993,0.9859,0.0,0.0,0.0,0.0,0.0,0.0,0.0,2.0,0.0,0.0,0.0,0.0,0.0,0.0,0.0,0.0,0.0,0.0,0.0
160041,C1=CC=C2C3=C4C(=CC2=C1)S(=O)(=O)C5=CC=CC(=C54)C=C3,290.343,4.2924,34.14,0.0,2.0,0.0,4.0,5.0,0.0,21.0,0.0,0.0,0.0,0.0,0.0,0.0,0.0,0.0,0.0,0.0,0.0
161821,CC(=O)OC=C.C1=CC=C(C(=C1)C(=O)O)C(=O)O,252.222,1.776,100.9,2.0,4.0,3.0,1.0,1.0,0.083333336,18.0,0.0,0.0,1.0,0.0,0.0,0.0,0.0,1.0,0.0,0.0,2.0
164825,C1=CC(=CC=C1N=NC2C(=NN(C2=O)C3=CC=C(C=C3)S(=O)(=O)[O-])C(=O)[O-])S(=O)(=O)[O-].[Na+].[Na+].[Na+],534.371,-9.8882,211.92,0.0,12.0,6.0,2.0,3.0,0.0625,34.0,0.0,0.0,0.0,1.0,0.0,0.0,0.0,0.0,0.0,0.0,1.0
219520,C1=COC(=C1)CCl,116.547,2.0184,13.14,0.0,1.0,1.0,1.0,1.0,0.2,7.0,0.0,0.0,0.0,0.0,0.0,0.0,0.0,0.0,0.0,1.0,0.0
237332,C1=C(OC(=C1)C=O)CO,126.111,0.5844,50.44,1.0,3.0,2.0,1.0,1.0,0.16666667,9.0,0.0,0.0,0.0,0.0,1.0,0.0,0.0,0.0,0.0,0.0,0.0
270885,CC(=O)OC=C.C=CN1CCCC1=O,197.234,1.4453,46.61,0.0,3.0,2.0,0.0,1.0,0.4,14.0,0.0,0.0,1.0,1.0,0.0,0.0,0.0,1.0,0.0,0.0,0.0
374707,CC1=C2C(=CC=C1)C(=C3C(=CC=C(C3=N2)C)[N+](=O)[O-])NCCC[N+](C)(C)O.Cl.[Cl-],441.359,1.60644,88.29,2.0,5.0,6.0,3.0,3.0,0.35,29.0,0.0,1.0,0.0,0.0,0.0,0.0,0.0,0.0,0.0,2.0,0.0
439195,C1C(C(C(C(O1)O)O)O)O,150.13,-2.5823,90.15,4.0,5.0,0.0,0.0,1.0,1.0,10.0,0.0,0.0,0.0,0.0,0.0,0.0,0.0,1.0,0.0,0.0,0.0
441374,C1C(C(C(C(C1N)OC2C(C(C(C(O2)CN)O)O)O)O)OC3C(C(C(C(O3)CO)O)N)O)N.OS(=O)(=O)O,582.582,-7.9442,357.21,13.0,17.0,6.0,0.0,3.0,1.0,38.0,4.0,0.0,0.0,0.0,0.0,0.0,0.0,4.0,0.0,0.0,0.0
441476,C1(C(C(OC(C1O)O)C(=O)O)O)O,194.139,-3.1291,127.45,5.0,6.0,1.0,0.0,1.0,0.8333333,13.0,0.0,0.0,0.0,0.0,0.0,0.0,0.0,1.0,0.0,0.0,1.0
443314,CCCCCCCCCCCC(=O)OCCOCC(C1C(C(CO1)OCCO)OCCO)OCCO,522.676,1.9984,133.14,3.0,10.0,25.0,0.0,1.0,0.96153843,36.0,0.0,0.0,1.0,0.0,0.0,0.0,0.0,6.0,0.0,0.0,0.0
444041,C(C1C2C(C(C(O1)OC3C(OC(C(C3O)O)OC4C(OC(C(C4O)O)OC5C(OC(C(C5O)O)OC6C(OC(C(C6O)O)OC7C(OC(C(C7O)O)OC8C(OC(O2)C(C8O)O)CO)CO)CO)CO)CO)CO)O)O)O,1134.987,-15.2306,554.05,21.0,35.0,7.0,0.0,21.0,1.0,77.0,0.0,0.0,0.0,0.0,0.0,0.0,0.0,14.0,0.0,0.0,0.0
444972,C(=CC(=O)O)C(=O)O,116.072,-0.2882,74.6,2.0,2.0,2.0,0.0,0.0,0.0,8.0,0.0,0.0,0.0,0.0,0.0,0.0,0.0,0.0,0.0,0.0,2.0
445639,CCCCCCCCC=CCCCCCCCC(=O)O,282.468,6.1085,37.3,1.0,1.0,15.0,0.0,0.0,0.8333333,20.0,0.0,0.0,0.0,0.0,0.0,0.0,0.0,0.0,0.0,0.0,1.0
445709,O.O.O.[Fe],109.89,-2.4766,94.5,0.0,0.0,0.0,0.0,0.0,0.0,4.0,0.0,0.0,0.0,0.0,0.0,0.0,0.0,0.0,0.0,0.0,0.0
516875,[O-][Mn](=O)(=O)=O.[K+],158.032,-4.5439,74.27,0.0,4.0,0.0,0.0,0.0,0.0,6.0,0.0,0.0,0.0,0.0,0.0,0.0,0.0,0.0,0.0,0.0,0.0
516892,C(=O)(O)[O-].[Na+],84.006,-4.1083,60.36,1.0,2.0,0.0,0.0,0.0,0.0,5.0,0.0,0.0,0.0,0.0,0.0,0.0,0.0,0.0,0.0,0.0,0.0
516893,C(=O)(O)[O-].[K+],100.114,-4.1083,60.36,1.0,2.0,0.0,0.0,0.0,0.0,5.0,0.0,0.0,0.0,0.0,0.0,0.0,0.0,0.0,0.0,0.0,0.0
516919,OS(=O)(=O)[O-].[Na+],120.061,-3.9914,77.43,1.0,3.0,0.0,0.0,0.0,0.0,6.0,0.0,0.0,0.0,0.0,0.0,0.0,0.0,0.0,0.0,0.0,0.0
517044,CC(=O)[O-].[K+],98.142,-4.2398,40.13,0.0,2.0,0.0,0.0,0.0,0.5,5.0,0.0,0.0,0.0,0.0,0.0,0.0,0.0,0.0,0.0,0.0,1.0
517055,C1=CC=C(C=C1)C(=O)[O-].[Na+],144.105,-2.9459,40.13,0.0,2.0,1.0,1.0,1.0,0.0,10.0,0.0,0.0,0.0,0.0,0.0,0.0,0.0,0.0,0.0,0.0,1.0
518696,O=[Fe]O[Fe]=O,159.687,-0.311,43.37,0.0,3.0,2.0,0.0,0.0,0.0,5.0,0.0,0.0,0.0,0.0,0.0,0.0,0.0,0.0,0.0,0.0,0.0
637511,C1=CC=C(C=C1)C=CC=O,132.162,1.8987,17.07,0.0,1.0,2.0,1.0,1.0,0.0,10.0,0.0,0.0,0.0,0.0,1.0,0.0,0.0,0.0,0.0,0.0,0.0
656582,C1=CC=C2C(=C1)C(=O)[N-]S2(=O)=O.[Na+],205.17,-2.0932,65.31,0.0,3.0,0.0,1.0,2.0,0.0,13.0,0.0,0.0,0.0,1.0,0.0,0.0,0.0,0.0,0.0,0.0,0.0
656671,[O-]S(=O)S(=O)(=O)[O-].[Na+].[Na+],190.109,-7.6663,97.33,0.0,5.0,1.0,0.0,0.0,0.0,9.0,0.0,0.0,0.0,0.0,0.0,0.0,0.0,0.0,0.0,0.0,0.0
2723816,CCC(=O)[O-].[Na+],96.061,-3.8497,40.13,0.0,2.0,1.0,0.0,0.0,0.6666667,6.0,0.0,0.0,0.0,0.0,0.0,0.0,0.0,0.0,0.0,0.0,1.0
2723854,C1=CC2=C(C=C1S(=O)(=O)[O-])C(=C(N2)C3=NC4=C(C3=O)C=C(C=C4)S(=O)(=O)[O-])O.[Na+].[Na+],466.36,-4.9932,179.85,2.0,9.0,3.0,3.0,4.0,0.0,30.0,0.0,1.0,0.0,0.0,0.0,1.0,0.0,0.0,0.0,0.0,0.0
2723872,C1C(C(C(C(O1)(CO)O)O)O)O,180.156,-3.2198,110.38,5.0,6.0,1.0,0.0,1.0,1.0,12.0,0.0,0.0,0.0,0.0,0.0,0.0,0.0,1.0,0.0,0.0,0.0
2735133,C(=O)([O-])[O-].O.[Na+].[Na+],124.003,-9.2637,94.69,0.0,3.0,0.0,0.0,0.0,0.0,7.0,0.0,0.0,0.0,0.0,0.0,0.0,0.0,0.0,0.0,0.0,0.0
3028194,[Li],6.941,-0.3808,0.0,0.0,0.0,0.0,0.0,0.0,0.0,1.0,0.0,0.0,0.0,0.0,0.0,0.0,0.0,0.0,0.0,0.0,0.0
3037558,C(C1C(C(C(C(O1)OC(C(CO)O)C(C(C=O)O)O)O)O)O)O,342.297,-5.5546,197.37,8.0,11.0,8.0,0.0,1.0,0.9166667,23.0,0.0,0.0,0.0,0.0,1.0,0.0,0.0,2.0,0.0,0.0,0.0
3082248,C=CN1CCCC1=O.C=CO,155.197,1.4402,40.54,1.0,2.0,1.0,0.0,1.0,0.375,11.0,0.0,0.0,0.0,1.0,0.0,0.0,0.0,0.0,0.0,0.0,0.0
3082361,CC(=C)C(=O)OC.C1=CC=C(C=C1)COC(=O)CCC(C(=O)O)N,337.372,1.6574,115.92,2.0,6.0,7.0,1.0,1.0,0.3529412,24.0,1.0,0.0,2.0,0.0,0.0,0.0,0.0,2.0,0.0,0.0,1.0
3423265,CCCCCCCCCCCCOS(=O)(=O)[O-].[Na+],288.385,0.3881,66.43,0.0,4.0,12.0,0.0,0.0,1.0,18.0,0.0,0.0,0.0,0.0,0.0,0.0,0.0,0.0,0.0,0.0,0.0
3806114,C(C(C(=O)[O-])O)(C(=O)[O-])O,148.07,-4.792,120.72,2.0,6.0,3.0,0.0,0.0,0.5,10.0,0.0,0.0,0.0,0.0,0.0,0.0,0.0,0.0,0.0,0.0,2.0
4134690,C(CCCCCCCCCCO)CCCCCCCCCO,314.554,5.9928,40.46,2.0,2.0,19.0,0.0,0.0,1.0,22.0,0.0,0.0,0.0,0.0,0.0,0.0,0.0,0.0,0.0,0.0,0.0
4327536,CC(COCC1C(C(C(C(O1)OC2C(OC(C(C2OCC(C)O)OCC(C)O)OCC(C)O)COCC(C)O)OCC(C)O)OCC(C)O)OCC(C)O)O,806.937,-2.1564,263.37,8.0,19.0,28.0,0.0,2.0,1.0,55.0,0.0,0.0,0.0,0.0,0.0,0.0,0.0,11.0,0.0,0.0,0.0
4448381,CSCCC(C(=O)NC(CO)C(=O)O)N,236.293,-1.3715,112.65,4.0,5.0,7.0,0.0,0.0,0.75,15.0,1.0,1.0,0.0,1.0,0.0,0.0,0.0,0.0,0.0,0.0,1.0
5102882,C1(C(C(OC(C1O)O)C(=O)[O-])O)O.[Na+],216.121,-7.4598,130.28,4.0,7.0,1.0,0.0,1.0,0.8333333,14.0,0.0,0.0,0.0,0.0,0.0,0.0,0.0,1.0,0.0,0.0,1.0
5281955,CCCCCCCCC=CCCCCCCCC(=O)OCCOCC(C1C(C(CO1)OCCO)OCCO)OCCO,604.822,4.115,133.14,3.0,10.0,30.0,0.0,1.0,0.90625,42.0,0.0,0.0,1.0,0.0,0.0,0.0,0.0,6.0,0.0,0.0,0.0
5283468,CCCCCCCCC=CCCCCCCCC(=O)OCC(CO)O,356.547,4.9203,66.76,2.0,4.0,18.0,0.0,0.0,0.85714287,25.0,0.0,0.0,1.0,0.0,0.0,0.0,0.0,1.0,0.0,0.0,0.0
5284359,[Cl-].[Cl-].[Ca+2],110.984,-6.3728,0.0,0.0,0.0,0.0,0.0,0.0,0.0,3.0,0.0,0.0,0.0,0.0,0.0,0.0,0.0,0.0,0.0,2.0,0.0
5284448,CCCCCCCCC=CCCCCCCCC(=O)OCCOCC(C1C(CC(O1)OCCO)OCCO)OCCO,604.822,4.4626,133.14,3.0,10.0,30.0,0.0,1.0,0.90625,42.0,0.0,0.0,1.0,0.0,0.0,0.0,0.0,6.0,0.0,0.0,0.0
5287971,CCCCCCCCCCCCCCCC(=O)OCC(COP(=O)([O-])OCC[N+](C)(C)C)OC(=O)CCCCCCCC=CCC=CCCCCC,758.075,10.944,111.19,0.0,8.0,38.0,0.0,0.0,0.85714287,52.0,0.0,0.0,2.0,0.0,0.0,0.0,0.0,2.0,0.0,0.0,0.0
5311266,[O-][Si](=O)O[Si]([O-])([O-])O[Si](=O)[O-].[Mg+2].[Mg+2],260.86,-7.0344,144.84,0.0,8.0,4.0,0.0,0.0,0.0,13.0,0.0,0.0,0.0,0.0,0.0,0.0,0.0,0.0,0.0,0.0,0.0
5311498,CC1=CC2=C(C=C1C)N(C=N2)C3C(C(C(O3)CO)OP(=O)([O-])OC(C)CNC(=O)CCC4(C(C5C6(C(C(C(=C(C7=NC(=CC8=NC(=C(C4=N5)C)C(C8(C)C)CCC(=O)N)C(C7(C)CC(=O)N)CCC(=O)N)C)[N-]6)CCC(=O)N)(C)CC(=O)N)C)CC(=O)N)C)O.[C-]#N.[Co+3],1355.388,3.40921,488.71,9.0,19.0,26.0,2.0,8.0,0.61904764,93.0,6.0,1.0,0.0,7.0,0.0,0.0,0.0,1.0,0.0,0.0,0.0
5359268,[Al],26.982,-0.3808,0.0,0.0,0.0,0.0,0.0,0.0,0.0,1.0,0.0,0.0,0.0,0.0,0.0,0.0,0.0,0.0,0.0,0.0,0.0
5360814,CCCCCCCCCCCCCCCC(=O)OC1(C(C(C(C(O1)CO)O)O)O)C2(C(C(C(O2)CO)O)O)CO,580.712,0.025,206.6,8.0,12.0,19.0,0.0,2.0,0.96428573,40.0,0.0,0.0,1.0,0.0,0.0,0.0,0.0,3.0,0.0,0.0,0.0
5362585,CCCCCCCCCCCCCCCCCCCCCC(=O)OCC(CO)O,414.671,6.7047,66.76,2.0,4.0,23.0,0.0,0.0,0.96,29.0,0.0,0.0,1.0,0.0,0.0,0.0,0.0,1.0,0.0,0.0,0.0
5460613,[SH],33.075,0.3805,0.0,1.0,0.0,0.0,0.0,0.0,0.0,1.0,0.0,0.0,0.0,0.0,0.0,0.0,0.0,0.0,0.0,0.0,0.0
5462222,[K],39.098,-0.3808,0.0,0.0,0.0,0.0,0.0,0.0,0.0,1.0,0.0,0.0,0.0,0.0,0.0,0.0,0.0,0.0,0.0,0.0,0.0
5462309,[P],30.974,0.8612,0.0,0.0,0.0,0.0,0.0,0.0,0.0,1.0,0.0,0.0,0.0,0.0,0.0,0.0,0.0,0.0,0.0,0.0,0.0
6097185,C1=C2C(=C3C=C(C(=O)C(=C3OC2=C(C(=C1Br)[O-])Br)Br)Br)C4=C(C(=C(C(=C4Cl)Cl)Cl)Cl)C(=O)[O-].[Na+].[Na+],829.639,1.6735,93.4,0.0,5.0,2.0,2.0,4.0,0.0,35.0,0.0,0.0,0.0,0.0,0.0,0.0,0.0,0.0,0.0,8.0,1.0
6328154,CC(=O)O.C(C(C(C(C(C=O)O)O)O)O)O.[Na],263.198,-3.6687,155.52,6.0,7.0,5.0,0.0,0.0,0.75,17.0,0.0,0.0,0.0,0.0,1.0,0.0,0.0,0.0,0.0,0.0,1.0
6426889,[O-]Cl(=O)=O.[K+],122.548,-6.563,69.18,0.0,3.0,0.0,0.0,0.0,0.0,5.0,0.0,0.0,0.0,0.0,0.0,0.0,0.0,0.0,0.0,1.0,0.0
6433516,CO[Si](C)(C)O[Si](C)(C)C.O=[Si]=O,238.464,1.5677,52.6,0.0,4.0,3.0,0.0,0.0,1.0,13.0,0.0,0.0,0.0,0.0,0.0,0.0,0.0,0.0,0.0,0.0,0.0
6433718,C1=C2C(=C(C(=C1Br)[O-])Br)OC3=C(C(=C(C=C3C24C5=C(C(=C(C(=C5Cl)Cl)Cl)Cl)C(=O)O4)Br)[O-])Br.[Na+].[Na+],829.639,2.0734,81.65,0.0,5.0,0.0,3.0,5.0,0.05,35.0,0.0,0.0,1.0,0.0,0.0,0.0,0.0,2.0,0.0,8.0,0.0
6436062,CCCCCCCCC=CCCCCCCCC(=O)OCCOCCO,370.574,5.576,55.76,1.0,4.0,20.0,0.0,0.0,0.8636364,26.0,0.0,0.0,1.0,0.0,0.0,0.0,0.0,2.0,0.0,0.0,0.0
6438359,CCCCCCCCCCCCCCCC(=O)OCC(COP(=O)([O-])OCC[N+](C)(C)C)OC(=O)CCCCCCCC=CCC=CCCCCC,758.075,10.944,111.19,0.0,8.0,38.0,0.0,0.0,0.85714287,52.0,0.0,0.0,2.0,0.0,0.0,0.0,0.0,2.0,0.0,0.0,0.0
6451167,O.O.OP(=O)([O-])[O-].[Na+].[Na+],177.988,-9.834,146.42,1.0,3.0,0.0,0.0,0.0,0.0,9.0,0.0,0.0,0.0,0.0,0.0,0.0,0.0,0.0,0.0,0.0,0.0
6850741,CC1CCC2(CC1)C(CO2)C.CC1CCC(C(C1)O)C(C)C.CC1CCC(C(C1)OC(=O)C)C(C)C.CC1CCC(C(=O)C1)C(C)C.CC1CCC2=C(C1)OC=C2C.CC1CCC(=C(C)C)C(=O)C1,965.539,16.12382,103.04,1.0,7.0,4.0,1.0,8.0,0.8548387,69.0,0.0,0.0,1.0,0.0,0.0,2.0,0.0,2.0,0.0,0.0,0.0
6850749,CC1(C2CCC(C23CC1C(=CC3O)C(=O)O)C(=O)O)CO.C(CCCC(C(CCCCCO)O)O)CCCC(=O)O,586.719,2.5638,213.05,8.0,8.0,17.0,0.0,3.0,0.8333333,41.0,0.0,0.0,0.0,0.0,0.0,0.0,0.0,0.0,0.0,0.0,3.0
9839867,C(CN(CC(=O)O)CC(=O)O)N(CC(=O)O)CC(=O)O.[Na+],315.234,-5.0672,155.68,4.0,6.0,11.0,0.0,0.0,0.6,21.0,0.0,0.0,0.0,0.0,0.0,0.0,0.0,0.0,0.0,0.0,4.0
9840857,C1=CC=C(C=C1)[Hg+].[N+](=O)([O-])[O-],339.7,0.6196,66.2,0.0,3.0,0.0,1.0,1.0,0.0,11.0,0.0,0.0,0.0,0.0,0.0,0.0,0.0,0.0,0.0,0.0,0.0
9920342,CCCCCCCCC=CCCCCCCCC(=O)OCC(C1C(C(CO1)O)O)O,428.61,4.0486,96.22,3.0,6.0,18.0,0.0,1.0,0.875,30.0,0.0,0.0,1.0,0.0,0.0,0.0,0.0,2.0,0.0,0.0,0.0
9989226,[O-2].[O-2].[O-2].[Al+3].[Al+3],101.961,-1.118,85.5,0.0,0.0,0.0,0.0,0.0,0.0,5.0,0.0,0.0,0.0,0.0,0.0,0.0,0.0,0.0,0.0,0.0,0.0
11046239,CCCCCCCCCCCC(=O)OCC(C1C(C(CO1)O)O)O,346.464,1.932,96.22,3.0,6.0,13.0,0.0,1.0,0.9444444,24.0,0.0,0.0,1.0,0.0,0.0,0.0,0.0,2.0,0.0,0.0,0.0
12961638,C1=CC=C2C(=C1)C(=O)OC23C4=CC(=C(C(=C4OC5=C(C(=C(C=C35)I)[O-])I)I)[O-])I.[Na+].[Na+],879.859,-1.1718,81.65,0.0,5.0,0.0,3.0,5.0,0.05,31.0,0.0,0.0,1.0,0.0,0.0,0.0,0.0,2.0,0.0,4.0,0.0
14055602,COC1C(OC(C(C1O)O)OC2C(OC(C(C2O)O)OC)CO)CO,370.351,-4.089,167.53,6.0,11.0,6.0,0.0,2.0,1.0,25.0,0.0,0.0,0.0,0.0,0.0,0.0,0.0,5.0,0.0,0.0,0.0
14109413,CC(=O)C1CC(=O)C2(C1(CC(=O)C3=C2C(CC4C3(CCC(C4(C)C)O)C)O)C)C,402.531,3.0144,91.67,2.0,5.0,1.0,0.0,4.0,0.7916667,29.0,0.0,0.0,0.0,0.0,0.0,3.0,0.0,0.0,0.0,0.0,0.0
15908632,CC(C)(OO)OO,108.093,0.7017,58.92,2.0,4.0,2.0,0.0,0.0,1.0,7.0,0.0,0.0,0.0,0.0,0.0,0.0,0.0,0.0,0.0,0.0,0.0
16204922,CC(=O)CC(C1=CC=CC=C1)C2=C(C3=CC=CC=C3OC2=O)[O-].[Na+],330.315,-0.0184,70.34,0.0,4.0,4.0,3.0,3.0,0.15789473,24.0,0.0,0.0,0.0,0.0,0.0,1.0,0.0,0.0,0.0,0.0,0.0
16211032,C(C1C(C(C(C(O1)OC2C(OC(C(C2O)O)O)CO)O)O)O)O,342.297,-5.3972,189.53,8.0,11.0,4.0,0.0,2.0,1.0,23.0,0.0,0.0,0.0,0.0,0.0,0.0,0.0,3.0,0.0,0.0,0.0
16211978,O=[Fe].O=[Fe]O[Fe]=O,231.531,-0.4323,60.44,0.0,4.0,2.0,0.0,0.0,0.0,7.0,0.0,0.0,0.0,0.0,0.0,0.0,0.0,0.0,0.0,0.0,0.0
16213095,C(COCC1C(C(C(C(O1)OCCO)OCCO)OCCO)OCCO)O.C(C1C(C(C(C(O1)O)O)O)O)O,580.577,-6.3598,266.91,10.0,17.0,17.0,0.0,2.0,1.0,39.0,0.0,0.0,0.0,0.0,0.0,0.0,0.0,7.0,0.0,0.0,0.0
21226445,[H-].[H-].[H-].[H-].[Li+].[Al+3],37.955,-2.9268,0.0,0.0,0.0,0.0,0.0,0.0,0.0,2.0,0.0,0.0,0.0,0.0,0.0,0.0,0.0,0.0,0.0,0.0,0.0
21256123,[O-2].[O-2].[O-2].[O-2].[Fe+2].[Fe+2].[Fe+2],231.531,-0.4827,114.0,0.0,0.0,0.0,0.0,0.0,0.0,7.0,0.0,0.0,0.0,0.0,0.0,0.0,0.0,0.0,0.0,0.0,0.0
21257725,B(O)(O)O.C(CN(CC(=O)O)CC(=O)O)N(CC(=O)O)CC(=O)O.C(C(CO)(CO)N)O,475.213,-6.4622,303.08,11.0,13.0,14.0,0.0,0.0,0.71428573,32.0,1.0,0.0,0.0,0.0,0.0,0.0,0.0,0.0,0.0,0.0,4.0
21584077,[O-]P(=O)([O-])[O-].[Ca+2].[Ca+2],175.126,-3.5862,86.25,0.0,4.0,0.0,0.0,0.0,0.0,7.0,0.0,0.0,0.0,0.0,0.0,0.0,0.0,0.0,0.0,0.0,0.0
21862903,O.O.[O-]P(=O)([O-])[O-].[Ca+2].[Ca+2],211.156,-5.2356,149.25,0.0,4.0,0.0,0.0,0.0,0.0,9.0,0.0,0.0,0.0,0.0,0.0,0.0,0.0,0.0,0.0,0.0,0.0
22146182,CC(=O)OC=C.C=CO,130.143,1.3809,46.53,1.0,3.0,1.0,0.0,0.0,0.16666667,9.0,0.0,0.0,1.0,0.0,0.0,0.0,0.0,1.0,0.0,0.0,0.0
22477175,CCCCCCCCCCCCCCCCCCCCCC(=O)O.C(C(CO)O)O,432.686,6.2248,97.99,4.0,4.0,22.0,0.0,0.0,0.96,30.0,0.0,0.0,0.0,0.0,0.0,0.0,0.0,0.0,0.0,0.0,1.0
22895896,CCCOC(C)COCCO,162.229,0.8104,38.69,1.0,3.0,7.0,0.0,0.0,1.0,11.0,0.0,0.0,0.0,0.0,0.0,0.0,0.0,2.0,0.0,0.0,0.0
23320441,O.[OH-].[O-2].[Fe+3],106.866,-1.1228,90.0,0.0,1.0,0.0,0.0,0.0,0.0,4.0,0.0,0.0,0.0,0.0,0.0,0.0,0.0,0.0,0.0,0.0,0.0
23663626,COC(=O)C1=CC=C(C=C1)[O-].[Na+],174.131,-2.4492,49.36,0.0,3.0,1.0,1.0,1.0,0.125,12.0,0.0,0.0,1.0,0.0,0.0,0.0,0.0,1.0,0.0,0.0,0.0
23663939,CC1=C(C=CC2=C1OC(=O)C(=C2[O-])NC(=O)C3=CC(=C(C=C3)O)CC=C(C)C)OC4C(C(C(C(O4)(C)C)OC)OC(=O)N)O.[Na+],634.614,-0.00088,202.84,4.0,11.0,8.0,3.0,4.0,0.38709676,45.0,1.0,1.0,0.0,2.0,0.0,0.0,1.0,4.0,0.0,0.0,0.0
23665634,CCCCCCCCCCCCCCCCCCOC(=O)C=CC(=O)[O-].[Na+],390.54,2.1012,66.43,0.0,4.0,19.0,0.0,0.0,0.8181818,27.0,0.0,0.0,1.0,0.0,0.0,0.0,0.0,1.0,0.0,0.0,1.0
23665647,CC(C)(C)[O-].[K+],112.213,-2.8508,23.06,0.0,1.0,0.0,0.0,0.0,1.0,6.0,0.0,0.0,0.0,0.0,0.0,0.0,0.0,0.0,0.0,0.0,0.0
23665763,OS(=O)[O-].[Na+],104.062,-3.6575,60.36,1.0,2.0,0.0,0.0,0.0,0.0,5.0,0.0,0.0,0.0,0.0,0.0,0.0,0.0,0.0,0.0,0.0,0.0
23673837,CCCCC(CC)COC(=O)CC(C(=O)OCC(CC)CCCC)S(=O)(=O)[O-].[Na+],444.566,0.8135,109.8,0.0,7.0,16.0,0.0,0.0,0.9,29.0,0.0,0.0,2.0,0.0,0.0,0.0,0.0,2.0,0.0,0.0,0.0
23706213,CC(=O)[O-].C(C(C(C(C(C=O)O)O)O)O)O.[Na+],262.19,-7.6186,158.35,5.0,8.0,5.0,0.0,0.0,0.75,17.0,0.0,0.0,0.0,0.0,1.0,0.0,0.0,0.0,0.0,0.0,1.0
24180693,CCC(C1=CC=C(C=C1)S(=O)(=O)[O-])C(C)CC(C)CC(C)C.CCC(C1=CC=C(C=C1)S(=O)(=O)[O-])C(C)CC(C)CC(C)C.[Ca+2],691.066,9.2046,114.4,0.0,6.0,16.0,2.0,2.0,0.6666667,45.0,0.0,0.0,0.0,0.0,0.0,0.0,0.0,0.0,0.0,0.0,0.0
24180701,CCCCCCCCCC(CC)C1=CC=C(C=C1)S(=O)(=O)[O-].CCCCCCCCCC(CC)C1=CC=C(C=C1)S(=O)(=O)[O-].[Mg+2],675.293,10.0692,114.4,0.0,6.0,22.0,2.0,2.0,0.6666667,45.0,0.0,0.0,0.0,0.0,0.0,0.0,0.0,0.0,0.0,0.0,0.0
24181099,C1=CC(=CC=C1N=NC2C(=NN(C2=O)C3=CC=C(C=C3)S(=O)(=O)O)C(=O)O)S(=O)(=O)O.[Na+],491.415,-1.8763,203.43,3.0,9.0,6.0,2.0,3.0,0.0625,32.0,0.0,0.0,0.0,1.0,0.0,0.0,0.0,0.0,0.0,0.0,1.0
24832091,CCOCC1C(C(C(C(O1)OC)OCC)OCC)OC2C(C(C(C(O2)CO)OC)O)O,454.513,-0.9564,134.53,3.0,11.0,12.0,0.0,2.0,1.0,31.0,0.0,0.0,0.0,0.0,0.0,0.0,0.0,8.0,0.0,0.0,0.0
24832095,CC(COCC1C(C(C(C(O1)OC)OCC(C)O)OCC(C)O)OC2C(C(C(C(O2)COC)OC3C(C(C(C(O3)CO)OC)O)O)OC)OC)O,748.813,-3.0872,241.37,6.0,19.0,21.0,0.0,3.0,1.0,51.0,0.0,0.0,0.0,0.0,0.0,0.0,0.0,13.0,0.0,0.0,0.0
24836924,CC1C(C(C(C(O1)CO)OC2C(C(C(C(O2)COC3C(C(C(C(O3)CO)OC)O)O)OC4C(C(C(C(O4)CO)OC)O)O)O)O)O)O,692.661,-7.3705,305.6,11.0,20.0,12.0,0.0,4.0,1.0,47.0,0.0,0.0,0.0,0.0,0.0,0.0,0.0,9.0,0.0,0.0,0.0
24882991,CCCCCCCCCCCCCCCCCCCC(=O)[O-].CCCCCCCCCCCCCCCCCCCC(=O)[O-].[Ca+2],663.138,11.1752,80.26,0.0,4.0,36.0,0.0,0.0,0.95,45.0,0.0,0.0,0.0,0.0,0.0,0.0,0.0,0.0,0.0,0.0,2.0
44134661,C1C(C(OC1N2C=NC3=C(N=CN=C32)N)COP(=O)(O)OP(=O)([O-])OP(=O)(O)[O-])O.[Na+].[Na+],535.147,-7.8558,264.56,4.0,14.0,8.0,2.0,3.0,0.5,32.0,1.0,0.0,0.0,0.0,0.0,0.0,0.0,1.0,0.0,0.0,0.0
44630049,C1(C(C(OC(C1O)OC2C(C(C(OC2C(=O)O)OC3C(C(C(OC3C(=O)[O-])O)O)O)O)O)C(=O)[O-])O)O.[Ca+2],584.449,-10.3463,325.55,9.0,18.0,7.0,0.0,3.0,0.8333333,38.0,0.0,0.0,0.0,0.0,0.0,0.0,0.0,5.0,0.0,0.0,3.0
51063134,COCC1C(C(C(C(O1)OC2C(OC(C(C2OC)OC)OC)COC)OC)OC)OC,454.513,-0.1644,101.53,0.0,11.0,12.0,0.0,2.0,1.0,31.0,0.0,0.0,0.0,0.0,0.0,0.0,0.0,11.0,0.0,0.0,0.0
54670067,C(C(C1C(=C(C(=O)O1)O)O)O)O,176.124,-1.4074,107.22,4.0,6.0,2.0,0.0,1.0,0.5,12.0,0.0,0.0,1.0,0.0,0.0,0.0,0.0,1.0,0.0,0.0,0.0
56841623,O.[O-2].[O-2].[O-][Si](=O)[O-].[O-][Si](=O)[O-].[O-][Si](=O)[O-].[Mg+2].[Mg+2].[Al+3].[Al+3],380.836,-11.2183,278.07,0.0,9.0,0.0,0.0,0.0,0.0,19.0,0.0,0.0,0.0,0.0,0.0,0.0,0.0,0.0,0.0,0.0,0.0
56841934,O.O.O.[Fe].[Fe],165.735,-2.4791,94.5,0.0,0.0,0.0,0.0,0.0,0.0,5.0,0.0,0.0,0.0,0.0,0.0,0.0,0.0,0.0,0.0,0.0,0.0
56841936,O.O.O=[Al]O[Si](=O)O[Si](=O)O[Al]=O,258.159,-3.853,158.97,0.0,7.0,6.0,0.0,0.0,0.0,13.0,0.0,0.0,0.0,0.0,0.0,0.0,0.0,0.0,0.0,0.0,0.0
56843209,C1=CC(=CC=C1N=NC2C(=NN(C2=O)C3=CC=C(C=C3)S(=O)(=O)O)C(=O)O)S(=O)(=O)O.[Al],495.407,0.7389,203.43,3.0,9.0,6.0,2.0,3.0,0.0625,32.0,0.0,0.0,0.0,1.0,0.0,0.0,0.0,0.0,0.0,0.0,1.0
57503849,CC(COCC1C(C(C(C(O1)OC2C(OC(C(C2OCC(C)O)OCC(C)O)OCC(C)O)COCC(C)O)OCC(C)O)OCC(C)O)OCC(C)O)O.COCC1C(C(C(C(O1)OC2C(OC(C(C2OC)OC)OC)COC)OC)OC)OC,1261.45,-2.3208,364.9,8.0,30.0,40.0,0.0,4.0,1.0,86.0,0.0,0.0,0.0,0.0,0.0,0.0,0.0,22.0,0.0,0.0,0.0
70519829,CCCCCCCC[N+](C)(C)C1=CC=CC=C1.[Cl-],269.86,1.618,0.0,0.0,0.0,8.0,1.0,1.0,0.625,18.0,0.0,0.0,0.0,0.0,0.0,0.0,0.0,0.0,0.0,1.0,0.0
71306830,CC(COCC1C(C(C(C(O1)OC2C(OC(C(C2OCC(C)O)OCC(C)O)OCC(C)O)COCC(C)O)OCC(C)O)OCC(C)O)OCC(C)O)O,806.937,-2.1564,263.37,8.0,19.0,28.0,0.0,2.0,1.0,55.0,0.0,0.0,0.0,0.0,0.0,0.0,0.0,11.0,0.0,0.0,0.0
72941614,O.[O-2].[O-2].[O-2].[O-2].[O-2].[O-2].[O-2].[O-2].[O-2].[O-2].[O-2].[O-2].[Na+].[Na+].[Al+3].[Al+3].[Si+4].[Si+4].[Si+4].[Si+4],422.291,-10.5271,373.5,0.0,0.0,0.0,0.0,0.0,0.0,21.0,0.0,0.0,0.0,0.0,0.0,0.0,0.0,0.0,0.0,0.0,0.0
86278134,C(C1C(C(C(C(O1)OC2C(OC(C(C2O)O)OCC3C(C(C(C(O3)OC4C(OC(C(C4O)O)OC5C(OC(C(C5O)O)O)CO)CO)O)O)OC6C(C(C(C(O6)CO)OC7C(C(C(C(O7)CO)O)O)O)O)O)CO)O)O)O)O,1153.002,-16.2762,585.28,23.0,36.0,19.0,0.0,7.0,1.0,78.0,0.0,0.0,0.0,0.0,0.0,0.0,0.0,13.0,0.0,0.0,0.0
92329579,CCCCCCCCCCCC(=O)OCCOCC(C1C(C(CO1)OCCO)OCCO)OCCO,522.676,1.9984,133.14,3.0,10.0,25.0,0.0,1.0,0.96153843,36.0,0.0,0.0,1.0,0.0,0.0,0.0,0.0,6.0,0.0,0.0,0.0
101418447,[C-]#P,42.985,0.94249,0.0,0.0,0.0,0.0,0.0,0.0,0.0,2.0,0.0,0.0,0.0,0.0,0.0,0.0,0.0,0.0,0.0,0.0,0.0
102601050,CC1=CCC2C(CC2(C)C)C(=C)CCC1OC(=O)C,262.393,4.2668,26.3,0.0,2.0,1.0,0.0,2.0,0.7058824,19.0,0.0,0.0,1.0,0.0,0.0,0.0,0.0,1.0,0.0,0.0,0.0
129630617,C(CN(CC(=O)[O-])CC(=O)[O-])N(CC(=O)O)CC(=O)[O-].[Na+].[Ca+2],352.288,-9.4521,164.17,1.0,9.0,11.0,0.0,0.0,0.6,22.0,0.0,0.0,0.0,0.0,0.0,0.0,0.0,0.0,0.0,0.0,4.0
131750926,CC(=O)OCC1C(C(C(C(O1)OC2C(C(OC(C2OC3C(C(C(C(O3)CO)OP)O)O)CO)CP)O)OC4C(C(C(C(O4)C(=O)O)OC5C(C(C6C(O5)COC(O6)(C)C(=O)O)O)O)O)O)O)O,1016.779,-8.6588,434.19,13.0,27.0,16.0,0.0,6.0,0.9166667,67.0,0.0,0.0,1.0,0.0,0.0,0.0,0.0,12.0,0.0,0.0,2.0
131751496,C1CC(=O)N(C1)C(CP)P,177.124,0.6851,20.31,0.0,1.0,2.0,0.0,1.0,0.8333333,10.0,0.0,0.0,0.0,1.0,0.0,0.0,0.0,0.0,0.0,0.0,0.0
133126842,C1(C(C(OC(C1O)O)C(=O)[O-])O)O.[Na+],216.121,-7.4598,130.28,4.0,7.0,1.0,0.0,1.0,0.8333333,14.0,0.0,0.0,0.0,0.0,0.0,0.0,0.0,1.0,0.0,0.0,1.0
134159056,CC(O)OCC1C(C(C(C(O1)OC2C(OC(C(C2OC(C)O)O)OC3C(OC(C(C3OC(C)O)OC)OC(C)O)CO)COC)O)OC)O,722.731,-4.1603,272.6,8.0,20.0,18.0,0.0,3.0,1.0,49.0,0.0,0.0,0.0,0.0,0.0,0.0,0.0,12.0,0.0,0.0,0.0
135350084,COC1=C(C=CC2=C(C=CN=C21)OC3=C(C=C(C=C3)NC(=O)C(=O)NCCC4=CC5=C(C=C4)OCO5)F)OCC6CCNCC6,616.646,4.5793,129.27,3.0,9.0,10.0,4.0,6.0,0.3030303,45.0,0.0,3.0,0.0,2.0,0.0,0.0,0.0,5.0,0.0,1.0,0.0
135436510,C1=CC=C(C=C1)N=NC2=C(C3=C(C(=C(C=C3C=C2S(=O)(=O)O)S(=O)(=O)O)N=NC4=CC=C(C=C4)[N+](=O)[O-])N)O.[Na+],595.527,2.364,247.57,4.0,12.0,7.0,4.0,4.0,0.0,40.0,1.0,0.0,0.0,0.0,0.0,0.0,1.0,0.0,0.0,0.0,0.0
135436515,C1=CC2=C(C=C1S(=O)(=O)O)C(=C(N2)C3=NC4=C(C3=O)C=C(C=C4)S(=O)(=O)O)O.[Na+],445.386,-1.312,174.19,4.0,7.0,3.0,3.0,4.0,0.0,29.0,0.0,1.0,0.0,0.0,0.0,1.0,0.0,0.0,0.0,0.0,0.0
135800280,C1=CC2=C(C=C1S(=O)(=O)[O-])C(=C(N2)C3=NC4=C(C3=O)C=C(C=C4)S(=O)(=O)[O-])O.C1=CC2=C(C=C1S(=O)(=O)[O-])C(=C(N2)C3=NC4=C(C3=O)C=C(C=C4)S(=O)(=O)[O-])O.C1=CC2=C(C=C1S(=O)(=O)[O-])C(=C(N2)C3=NC4=C(C3=O)C=C(C=C4)S(=O)(=O)[O-])O.[Al+3].[Al+3],1315.104,2.2348,539.55,6.0,27.0,9.0,9.0,12.0,0.0,86.0,0.0,3.0,0.0,0.0,0.0,3.0,0.0,0.0,0.0,0.0,0.0
139600838,CC(=O)OCC1C(C(C(C(O1)O)OC(=O)C)O)O,264.23,-2.0798,122.52,3.0,8.0,3.0,0.0,1.0,0.8,18.0,0.0,0.0,2.0,0.0,0.0,0.0,0.0,3.0,0.0,0.0,0.0
146156863,CC(COCC1C2C(C(C(O1)OC3C(OC(C(C3O)O)OC4C(OC(C(C4O)O)OC5C(OC(C(C5O)O)OC6C(OC(C(C6O)O)OC7C(OC(C(C7O)O)OC8C(OC(O2)C(C8O)O)CO)CO)COCC(C)O)CO)COCC(C)O)CO)O)O)O,1309.227,-14.0153,581.74,21.0,38.0,16.0,0.0,21.0,1.0,89.0,0.0,0.0,0.0,0.0,0.0,0.0,0.0,17.0,0.0,0.0,0.0
154724046,COP(=O)(OC1C(CC(O1)N2C=NC3=C(N=CN=C32)N)O)OP(=O)([O-])OP(=O)(O)[O-].[Na+].[Na+],535.147,-7.2442,253.56,3.0,15.0,8.0,2.0,3.0,0.5,32.0,1.0,0.0,0.0,0.0,0.0,0.0,0.0,1.0,0.0,0.0,0.0
154733642,CCCCCCC(CCCCCCCCCCOC(=O)OCCOCC(COCCOC(=O)OCCCCCCCCCCC(CCCCCC)O)OCCOC(=O)OCCCCCCCCCCC(CCCCCC)O)O,1119.654,16.391,194.97,3.0,15.0,62.0,0.0,0.0,0.95238096,78.0,0.0,0.0,0.0,0.0,0.0,0.0,0.0,9.0,0.0,0.0,0.0
154733643,CCCCCCC(CC=CCCCCCCCOC(=O)OCCOCC(COCCOC(=O)OCCCCCCCC=CCC(CCCCCC)O)OCCOC(=O)OCCCCCCCC=CCC(CCCCCC)O)O,1113.606,15.719,194.97,3.0,15.0,59.0,0.0,0.0,0.85714287,78.0,0.0,0.0,0.0,0.0,0.0,0.0,0.0,9.0,0.0,0.0,0.0
155491311,O.O.O.O.[OH-].[O-2].[O-2].[O-2].[O-2].[O-2].[O-2].[O-2].[O-2].[O-2].[O-2].[Mg+2].[Al+3].[Si].[Si].[Si].[Si],412.688,-6.9484,441.0,0.0,1.0,0.0,0.0,0.0,0.0,21.0,0.0,0.0,0.0,0.0,0.0,0.0,0.0,0.0,0.0,0.0,0.0
